"Date","C.N","delta15n","delta13c","POC_ug.L","PN_ug.L","chl_20um","chl_GF.F","chl_3um","phaeo.chla","NO3","PO4","Si","SST","SSS","log10.N2","Rain2Day","WindSp2Day","WindDir2Day","Bacillariophyta","Chlorophyta","Ciliophora","Cryptophyta","Dinoflagellata"
2015-03-13,4.66834046385566,6.581792666,-20.28837903,347.24637425,72.259276055,6.092060633,0.1259883865,0.4146690875,0.492431544841233,5.659312683,0.5835,13.30681115,9.06426666666667,27.2487333333333,-3.46715798156997,5.6,1.2891875,172.90625,NA,NA,NA,NA,NA
2015-03-18,4.67909344914445,6.97326223,-18.86415054,269.2198299,30.02808319,3.3721345105,0.0540445375,0.18225023,0.645726845582484,5.9650884325,0.6375,12.360599205,9.03445,27.4909,-3.43023664456664,0,0.73175,198.661833333333,NA,NA,NA,NA,NA
2015-03-24,4.63066462365213,4.372459711,-21.106864285,114.70044115,20.58688611,1.628918658,0.050866055,0.1471454525,0.589181850751775,12.38150814,1.3945,19.7124083,9.18326666666667,27.8285666666667,-3.8425877820207,15.2,0.870125,161.858541666667,NA,NA,NA,NA,NA
2015-03-31,5.30176003009035,4.3965088915,-22.67433907,61.7312537291022,12.4941421156347,0.06183726,0.083173532,0.0521086905,1.10660241574368,15.01576731,1.5580641945,25.41880955,9.53095,27.7071,-3.76001828538093,34,1.93339583333333,169.04375,NA,NA,NA,NA,NA
2015-04-06,4.51299730571938,2.097053091,-22.92329542,149.784538133333,21.1879676166667,0.0631351335,0.249125921,0.890468098,0.542339256652478,13.427845735,1.3095,23.8815,9.81135,27.2023,-3.53340929319469,0,1.437375,190.890625,NA,NA,NA,NA,NA
2015-04-14,4.52853616696755,7.422307596,-20.27746321,488.8179268,96.719434595,6.265704967,0.106277197,0.7669057395,0.780525167274249,1.0299540675,0.156232411,4.5690585065,10.0373333333333,26.9176666666667,-3.31852717860227,3.2,2.96522916666667,178.606666666667,NA,NA,NA,NA,NA
2015-04-22,4.81526730421965,7.360900543,-19.24183499,408.0829782,56.952038,5.833273609,0.0928059625,0.346643948,0.366672923265659,1.4508604605,0.1155,8.2525,10.30085,27.7974,-3.27473659867757,7.2,1.453875,235.585,NA,NA,NA,NA,NA
2015-05-01,5.12240439849303,7.063315328,-18.99534846,266.359856066667,50.1449187,5.7974302915,1.349505018,1.00623436,0.381000357475841,0.478000021,0.1383324515,5.1998395795,10.6507,27.7602,-3.7589872743354,3.6,1.45202083333333,191.31,NA,NA,NA,NA,NA
2015-05-05,5.45095686372708,7.1134013735,-19.238265735,246.4883366,31.92401778,2.716637375,0.049836147,0.2061341795,0.545037954624536,0.6039121655,0.1995,4.0733438115,10.96275,27.79115,-3.61843516157999,0,1.489625,202.4525,NA,NA,NA,NA,NA
2015-05-13,NA,NA,-20.70319725,155.8823897,NA,0.6323607915,0.1290601885,0.1381754515,0.677685262010136,0.0185,0.103,1.245,12.9966,27.68585,-3.1449008319229,0,1.71245833333333,177.021125,NA,NA,NA,NA,NA
2015-05-21,6.84772704395099,7.2969471,-21.130878425,190.262230458333,39.1988356375,0.404228543,0.1473902265,0.1675251855,0.90915677898606,0.2615,0.109,0.4915,15.16085,27.6177,-3.07572560874539,0,1.36860416666667,204.469604166667,NA,NA,NA,NA,NA
2015-05-26,5.496643359015,6.0846372365,-21.60921292,182.752890708333,24.5469642,0.3275760025,0.1776246055,0.1930654205,0.896059261374732,0.13,0.109,3.016,15.85605,26.7555,-2.94845991122913,0,1.98041666666667,169.634291666667,NA,NA,NA,NA,NA
2015-06-03,5.28572874429304,5.749310366,-22.433691995,174.333527833333,30.06999832,0.2191843855,0.2139709655,0.2823882495,0.811549764597267,0.5455,0.235,7.2945,NA,NA,-2.95828466744572,20.2,1.22977083333333,209.437708333333,NA,NA,NA,NA,NA
2015-06-15,4.34428015631109,4.2876938655,-23.56968614,182.05621415,32.362257705,1.932230584,0.3156292845,0.401614243,0.424092129483409,15.445549605,1.343,41.463390695,11.2848,28.62275,-3.34021553968038,0,1.93645833333333,211.153083333333,NA,NA,NA,NA,NA
2015-06-24,NA,NA,-22.0775862,84.7193968333333,NA,0.1283505325,0.2447404325,0.0998306285,0.864246621983993,0.207163885,0.127479606,3.679706993,16.88715,26.33835,-2.87035192639814,0,1.63710416666667,180.017916666667,NA,NA,NA,NA,NA
2015-06-30,4.50247491754179,5.7298489945,-23.66168606,129.96548805,26.931969785,0.1109066165,0.6491479705,0.1230141985,0.514766581789895,0.42897051,0.263056449,14.8330503,13.493,27.4936,-2.92503715971065,0,1.49583333333333,199.525270833333,NA,NA,NA,NA,NA
2015-07-07,4.84432159677533,3.8125004405,-24.616826095,132.425239185714,25.7467383728571,0.0356704365,0.487710942,0.213611288,0.563189253254639,14.82191257,1.3556980635,42.144474965,11.86145,27.6084,-3.05004330747253,0,0.98425,163.391458333333,NA,NA,NA,NA,NA
2015-07-22,4.33177628272852,4.170257769,-25.222732895,126.301390830769,50.5217704153846,0.012960802,1.917148799,0.095212552,0.336613846445073,11.429781175,1.156251809,39.53565523,14.64785,27.4266,-3.07903764305418,0,2.6703125,228.312333333333,NA,NA,NA,NA,NA
2015-07-28,4.24061232567427,6.042832285,-25.04071698,231.6996856,43.309327915,0.021859132,0.595616666,0.13634249,0.384513304541637,0.3899269605,0.3095589725,30.48224545,16.53475,27.98685,-3.07836105166368,2,1.77677083333333,188.651875,NA,NA,NA,NA,NA
2015-08-12,4.2755639717563,5.9696941045,-24.1883696,134.431612,31.78180076,0.0551859715,0.666450376,0.139580888,0.392038828263404,0.1743159495,0.4043029455,18.693883765,17.15635,28.10805,-3.05259416260576,0.2,0.95025,200.799791666667,NA,NA,NA,NA,NA
2015-08-20,4.30660688976388,4.1927685055,-25.06519449,165.1025738,34.47880764,0.5784534175,0.7873897545,0.482857498,0.495608696845475,13.040049655,1.2370570355,35.1368747,12.30305,28.3132,-3.20178187435188,0,3.023625,160.5886875,NA,NA,NA,NA,NA
2015-08-25,4.59331469345533,6.456660809,-23.799723215,341.51603185,68.7752656316667,4.4161768395,0.841026659,0.374232655,0.344429073218361,2.998865743,0.4340686025,16.686489005,11.1667,28.5252,-3.07580741884335,0,1.7513125,222.395,NA,NA,NA,NA,NA
2015-09-02,3.49131312597492,3.369494749,-25.5359142,189.4256528,74.74390888,0.7633469345,1.2191688265,0.342571375,0.476760024873067,5.548470618,0.759704413,24.995972195,15.0665,28.0869,-3.63383524754079,16.4,1.03329166666667,207.80625,NA,NA,NA,NA,NA
2015-09-09,4.30912176094422,6.814271007,-24.521467925,226.0708203,57.43337988,1.246843609,1.0481738585,1.7797063035,0.233223737284671,0.192546145,0.234670391,17.700867745,15.58645,27.11075,-3.04615700801922,10.4,1.04872916666667,171.457916666667,NA,NA,NA,NA,NA
2015-09-28,4.84786160575748,5.009967227,-26.03544829,181.589038997596,17.4166536336538,0.286713559,0.3610350735,0.4608532565,0.309347067305778,14.36417988,1.282733679,37.219553455,12.5757,28.76505,-3.18932924989882,0,2.18060416666667,229.694791666667,NA,NA,NA,NA,NA
2015-10-06,3.83294652983827,5.5772163105,-25.272993175,394.549303418966,92.2788639913793,2.725441455,0.8076286625,0.438705935,0.211379922082911,5.4075,0.596224369,27.36149136,11.65525,27.7803,-3.13458825392288,0,0.644375,208.600208333333,NA,NA,NA,NA,NA
2015-11-03,NA,NA,-23.424825905,114.295619313725,NA,0.517105367,0.098807757,0.095929436,0.475733288687766,18.43432181,1.68568818,38.63721136,11.39285,28.7829,-3.71787602830509,12.8,1.45233333333333,262.708125,NA,NA,NA,NA,NA
2015-12-11,3.21824155165285,7.172368859,-26.1665691,97.1830453166667,31.21742183,0.027276436,0.0583927445,0.0178343985,2.62779279482893,27.679360415,2.382264137,49.311808,9.29565,29.1313,-4.9922000439397,19.6,2.682875,182.205,NA,NA,NA,NA,NA
2016-01-05,2.64762032568956,4.153198018,-27.23315553,72.693392122549,25.4785860380719,0.033080941,0.1618360525,0.1383263015,1.09126906763252,29.21347577,2.38972139,51.39497174,7.14285,28.50645,-4.66268184202158,0.4,0.925916666666667,253.9823125,NA,NA,NA,NA,NA
2016-02-02,5.3543785019525,6.247819631,-27.585082205,105.78845845,19.0599691125,0.105566975,0.341806338,0.354645079,0.378361594990949,28.06434413,2.2973658275,49.842325675,7.54255,27.8988,-3.58536199071599,3.8,0.849375,241.162208333333,NA,NA,NA,NA,NA
2016-02-09,5.26896612324714,5.953375071,-27.48220754,113.221342516667,26.1834806816667,0.079487096,0.2905210165,0.2165841725,0.61468016095709,27.85281146,2.21417091,51.78209635,7.7188,27.5861666666667,-3.47026501321837,3,0.662583333333333,200.493979166667,NA,NA,NA,NA,NA
2016-02-16,3.29521982110751,4.044909063,-27.47392985,87.55283185,29.6507745325,0.0566907215,0.1671624405,0.1503068135,0.765469404189264,27.431266605,2.2808693385,49.54780559,7.9057,27.2175,-3.54327192471837,32.2,1.00479166666667,183.2979375,NA,NA,NA,NA,NA
2016-02-23,4.98584550513061,6.517163616,-27.39976026,87.4798443381579,17.9990982767105,0.0896313675,0.183244927,0.132470136,0.647521905225984,26.69651126,2.2001758355,49.89980267,7.9581,27.0212,-3.42123197452025,0.6,1.13666666666667,204.612083333333,1920,14000,1440,3500,480
2016-03-15,4.40001823054224,5.3484585945,-26.463722805,104.621229733333,26.5476574166667,0.1754565435,0.1282909235,0.204303319,1.07503484420529,25.96295281,2.1479478635,50.68949903,8.22195,26.6463,-3.73415413282215,37.2,2.02714893617021,203.303191489362,NA,NA,NA,NA,NA
2016-03-22,5.01518750057164,5.1165517305,-26.916133385,213.559875511111,33.5517587055556,0.4730558595,0.3379274675,0.532846993,0.556010045303942,24.015229905,1.9963859635,49.58785179,8.70705,26.68115,-3.2859347040295,14.4,0.996541666666667,181.828541666667,25744,63452,9880,56888,3548
2016-03-29,5.04546053011249,5.0979163445,-25.29116376,154.826980933333,28.1210591033333,1.08125404,0.103311623,0.185924202,0.378757292817577,23.644672935,1.9917374705,48.60928021,9.04115,27.5038,-3.55623177062528,4,2.5524375,280.585770833333,234374,26250,2810,17500,7531
2016-04-08,4.58613861555147,6.906857075,-20.7946752,346.720691966667,67.3989640066667,NA,NA,NA,NA,0.706975473,0.22823994,3.485374014,10.2417,27.31305,-3.34687476633023,2.4,0.710770833333333,169.511875,411464,36750,3600,0,22674
2016-04-14,4.6975167763506,7.704304354,-19.410577015,652.3496891,108.765061991667,8.088180527,0.01,0.2445248565,0.318094575524836,1.8368588075,0.29879305,5.932707564,10.45155,27.46465,-3.6995479662554,0,2.41741666666667,163.2625,1686400,14000,4000,7000,7300
2016-04-28,4.76359122457249,6.6538601245,-20.51858579,347.757623780263,73.8995954144737,2.5578150795,0.437299949,0.615699643,0.42602714959953,3.5157841835,0.4897626405,9.7281677505,11.36725,27.41395,-3.22850174982538,0,1.44185416666667,213.929166666667,513200,252000,13400,154000,63200
2016-05-09,4.44264265984931,5.2626363105,-22.303080705,527.980604085714,128.986277407143,6.50251568,0.1018911855,0.746208152,0.334754703833823,15.286562095,1.3051641975,35.24533079,10.05255,28.7057,-3.84498588325259,0,4.90966666666667,267.800083333333,6091800,20000,2800,62500,18700
2016-05-19,6.12509712239898,6.9094726845,-19.927149565,296.092521134211,54.5271958131579,0.650059332,0.1041807455,0.1127099625,0.54659889486947,0.279004796,0.005700435,1.593127261,13.76185,27.5774,-3.06769339141026,0,2.299,221.221375,152320,36750,896,7000,13930
2016-05-30,4.67996554060653,6.425596114,-20.77493701,286.243986833333,73.5454764141026,0.4414508425,0.107466769,0.129528925,0.745805708569695,0.2775112965,0.1259156675,0.069949795,14.4541,26.70255,-2.99692392217117,20.6,1.65558333333333,212.4881875,1432406,13998,3120,0,48327
2016-06-09,4.77865315167678,6.971762304,-19.81911901,543.203431125,130.4580230375,NA,NA,NA,NA,0.4556514605,0.177126892,2.908082554,14.45555,26.5301,-2.98048332690477,2.6,1.37958333333333,187.526020833333,NA,NA,NA,NA,NA
2016-07-11,5.14252011806293,6.567939015,-24.727789035,716.483011,132.7446802375,NA,1.1080113325,NA,NA,0.1595760865,0.4146846365,20.201528865,16.76465,25.87025,-2.9577020190152,8.2,1.45314583333333,189.514791666667,144000,39661,8200,95653,24398
2016-08-22,4.00140992914232,6.3437011645,-19.589555495,658.834902900452,140.130787812217,9.887185501,0.131689811,NA,0.932570749206548,6.259331785,0.933631317,28.593360425,11.43445,28.46025,-3.37405144434199,0,3.16991666666667,213.593979166667,13284810,3500,6500,22750,21000
2016-09-11,5.0322595163318,6.6074119745,-24.63701646,280.42714805,68.787312765,0.145243216,0.728277695,0.2687138515,0.436130401540304,0.5324455705,0.325567635,18.664405375,14.97625,27.5103,-3.02958262460319,0,1.47945833333333,208.381041666667,14000,57750,6760,77000,1910
2016-10-02,4.20311615316395,4.9537559975,-25.816720795,272.651254266667,57.0575594208333,0.295765617,0.931132292,0.6747820175,0.638483389283147,8.09546364,0.956749612,36.506383805,12.68415,28.3613,-3.19337589601327,7.4,0.847395833333333,208.921041666667,NA,NA,NA,NA,NA
2016-10-22,4.11117315692192,6.3145863045,-26.70194037,90.3262984615385,29.1386334192308,0.02472292,0.233575586,0.17300916,0.931384174323336,20.82700995,1.909162269,48.27117289,11.23185,28.83445,-4.30148117855572,22.4,1.61045833333333,174.7875,NA,NA,NA,NA,NA
2016-11-15,NA,NA,-26.481517985,74.7196291388889,NA,0.027253365,0.107241971,0.1117435815,1.73953469080427,23.34965984,1.99508081,51.5583867,NA,NA,NA,19.2,1.83295833333333,182.053333333333,7520,15000,3160,45000,120
2016-11-26,5.50830442584195,9.723932807,-26.804078255,84.8948316875,15.50597491875,0.080456241,0.116699801,0.288701672,0.75926193901103,24.338655375,1.8762918375,53.142530055,9.72485,25.84535,-3.3524902300382,25.8,1.39485416666667,209.456041666667,6800,18000,10800,31500,640
2016-12-03,5.24056409538526,9.0587080015,-26.52937803,78.0877777352941,14.1968550235294,0.0940608,0.1127927295,0.108822768,1.00618274630035,25.201760895,2.013725583,53.85421058,9.1624,26.1869,-3.40502755006322,15.8,2.13079166666667,183.338958333333,7440,24750,2520,24750,1270
2016-12-15,4.20687596763524,7.370606013,-27.40184079,81.6100266111111,14.2058229777778,0.047265116,0.141412166,0.118268694,1.23230889451711,26.45198016,2.504302547,54.77886022,7.52165,26.93545,-3.6582063566673,0,1.01810416666667,275.898083333333,2480,9750,2160,82725,200
2017-01-15,7.33573406309494,8.183447567,-27.669958825,79.8678339411765,12.4062460058824,0.0472887005,0.222714284,0.152762775,0.735513999869091,28.331577105,2.333002215,54.42151348,6.7134,28.11545,-3.53666309216968,0,0.7495625,250.710770833333,7300,23250,2720,103365,910
2017-02-17,8.07404667754989,7.838380566,-26.929164115,92.3627559910256,12.1108176769231,0.063275685,0.073724714,0.0845492885,1.60914257072929,28.56597923,2.232967775,55.773429905,6.66765,28.1833,-3.94872949667741,40.2,1.77602083333333,158.1318125,7140,10990,1760,9057,2515
2017-03-15,4.34447237949652,4.7948773185,-22.55655111,239.666543425,48.774048955,3.0637463805,0.102357851,0.255895751,0.603025742829288,22.451434115,1.8529240165,40.262341435,7.1927,27.8858,-3.80511877254522,35,1.23622916666667,167.155833333333,310348,3140,3312,6239,14144
2017-03-30,4.06439370097057,5.5956494525,-21.164001395,272.811858485714,61.7411998,2.197376102,0.1037519985,0.14824342,0.615402001063828,23.748119375,1.9697269255,38.413603785,NA,NA,NA,33.6,2.16902083333333,144.012208333333,234732,11775,3019,7850,15362
2017-04-11,5.52897231686524,5.5722054115,-24.56167952,188.85306875,29.154320340625,0.4185628775,0.0570510995,0.1170158255,1.24055685551299,18.561307795,1.6911576345,24.877979985,8.3391,28.3442,-4.29938655444778,0,2.63220833333333,163.094791666667,131808,49000,5781,94500,11863
2017-04-24,5.92251270509531,8.3227685495,-20.593475595,552.20034845,105.3983241,3.3774802605,0.084509533,0.278716685,0.754886077287607,0.074556462,0.268955012,0.855287821,9.7622,27.4788,-3.58882935216454,0,1.8968125,158.701458333333,846188,40250,3024,52500,23614
2017-05-02,5.41314829200222,6.8487584335,-22.220554325,190.977596666667,32.62932344,0.2089356535,0.121708803,0.207482659,0.612820407911234,0.2492136845,0.329526886,1.5597300915,10.59535,27.0407,-3.32624296535131,1.4,1.4785,210.907104166667,10480,21980,4840,7000,12110
2017-05-08,4.65322872329469,5.5773158355,-23.374792435,213.1207342,36.92453632,0.108587827,0.112976684,0.1372467945,0.570002175689801,0.877166603,0.3346105095,2.2508529275,11.1663666666667,27.0223666666667,-3.21878746425499,0,1.63452083333333,204.108333333333,NA,NA,NA,NA,NA
2017-05-17,7.16087652621797,6.255374103,-22.97286543,324.682414153846,44.7953034461538,0.294099023,0.1619724115,0.1480075805,0.580522466403015,0.3800140505,0.2369092365,3.266824194,12.2095,25.88105,-3.18722178791282,23.6,2.9269375,200.6675,193362,63000,6269,46750,20147
2017-05-29,3.36847903610583,3.5461691965,-25.446062855,226.781323433333,27.02127978,0.249346381,0.9436069765,0.4121698355,0.42431375074218,6.3050180645,0.8623457295,29.05223376,11.7202,27.5874,-3.14462063883369,0,0.757916666666667,174.719583333333,360586,834658,4032,769956,2736
2017-06-05,5.98651385008663,6.8105286455,-21.120539645,301.205472482143,31.611920535119,0.5046819575,0.053184009,0.1644882555,0.920025047549081,0.06538395,0.080270037,1.5105657105,13.97085,24.8672,-2.87803983921971,0,1.8725,198.028541666667,633712,56880,2576,11350,32068
2017-06-19,3.91372059421578,5.784892644,-21.785052405,366.468069016667,32.4071825216667,1.3316726875,0.345838123,0.456887663,0.38621157990423,0.091346682,0.1274105575,12.52406744,14.94085,22.3779,-2.65736550328579,10,2.01575,165.572916666667,1936160,136590,9632,131880,45620
2017-06-29,4.11053415988094,4.450080912,-26.409809495,176.997771607143,46.7079814,0.3994329415,0.7430234035,0.2247795625,0.628175413393136,12.511763962,1.220221102,27.878314525,12.0224,26.9666,-3.1404427567008,0,4.30709090909091,272.665696969697,87728,48000,2581,381000,3538
2017-07-07,4.07624650622012,6.3048565815,-24.814869905,167.806792285714,46.5129251821429,0.04653379,0.376677144,0.1152194035,0.814872290327635,0.112336999,0.186680946,19.36867439,15.5841,26.2988,-3.03902905502806,0,1.077,199.601666666667,19240,36110,640,48670,5470
2017-07-11,4.27885973820609,5.758300417,-25.102418585,188.956437464286,54.2128902535714,0.1381930715,0.7662037115,0.22435595,0.49964401467194,1.9504305905,0.3989990125,21.211356195,12.57105,27.274,-3.06493911798999,0,2.89389583333333,252.048895833333,80240,28260,600,169560,4420
2017-07-17,4.4015412799333,6.9469443285,-24.98534349,181.476993633333,42.1818288733333,0.0754045635,0.5725234915,0.079564095,0.769744090299886,0.148634246,0.1557999425,11.157429485,17.2432,24.91195,-2.81058164917999,0,2.87933333333333,267.415208333333,1760,65940,4480,53380,400
2017-08-04,4.15118862024506,5.836277589,-25.183337245,255.629614583333,56.0614394041667,0.2368221345,0.789898832,0.484439253,0.641221303934999,5.6900365665,0.601128628,29.61522866,11.61185,27.75205,-2.94740772049775,0,1.82554166666667,157.4865625,99728,101500,6858,133000,25330
2017-08-08,4.26681795894911,4.525824249,-25.92891429,267.634882933333,55.23247435,0.16616048,0.9222332435,0.343913944,0.531784331604395,10.1647209,1.0426321585,34.58224202,11.6476,27.57605,-3.0432590187404,0,1.160375,177.509229166667,73366,48456,2920,571765,3492
2017-08-15,4.58532079927742,6.662331381,-24.03748839,303.06942365,60.629809345,1.0961880315,1.0977181135,0.3731098395,0.708638489738591,0.350224572,0.3474548115,24.68213084,15.487,26.82575,-3.01950440737478,1,2.47822916666667,231.317708333333,760280,25000,1332,415000,15888
2017-08-21,5.53410471236017,6.866215027,-25.30190435,413.393849370732,52.9999057496342,0.72195381,1.237249807,0.708471402,0.506662561208667,0.0954702525,0.374485669,21.42901375,15.85855,26.89435,-2.92804458839995,0,2.029875,214.943458333333,499280,10500,2360,259000,9320
2017-08-29,4.47754369381668,4.99450557,-26.056890905,295.79365955,64.567024865,0.289413011,1.2202377595,0.6784365075,0.463060495139766,2.2635547135,0.3648575505,30.036526415,13.88035,26.46395,-2.95089145883931,0,1.49795833333333,222.3981875,898600,35000,1640,42000,31620
2017-09-05,6.16954422711913,7.3970963725,-22.652038375,267.720733904762,32.8495414797619,1.334217082,0.09034478,0.173658418,0.632638795253963,0.6451271545,0.3189254935,18.79575134,13.3796,27.45545,-2.89339271082254,0,1.46214583333333,236.979166666667,2145976,9720,0,17496,10886
2017-09-12,4.20125367698721,5.112200701,-25.842661675,247.153296833333,47.9806661966667,0.164552956,1.7373481495,0.450303417,0.506370673267803,8.466770205,1.119279667,37.332026725,14.7924,27.51645,-3.21121431373566,0,0.834083333333333,203.483541666667,1440,59500,2360,1244250,3740
2017-09-18,4.81857083730727,4.731070176,-25.200228255,257.577307833333,37.4091599433333,0.361441289,1.7432232895,0.747068057,0.572856560967842,8.4562073395,1.095576844,35.968533865,13.56035,27.7245,-3.1390847339914,17.2,1.40075,212.067708333333,16810,245123,16953,1902500,3403
2017-09-26,4.32213099447571,6.1041404615,-23.293210585,355.250372892857,53.3409616464286,1.9256329195,0.757007427,0.5850323675,0.467304962612065,5.8670447765,0.962153039,35.776159835,13.5294,28.31945,-3.22352000142008,8,0.539354166666667,189.096666666667,206224,120559,4440,346121,1887
2017-10-11,4.51144401839288,6.943782576,-19.98365453,292.398226766667,62.2216149433333,6.124268384,0.245887134,0.36586754,0.570122141343766,9.703749914,1.2638123195,30.30148689,11.0554,28.35365,-3.34554920605194,7.4,1.348875,242.375,488948,30329,1000,83988,7066
2017-10-20,4.67609290733823,6.120325744,-23.77043251,96.7838659705882,26.5835546058824,0.267503897,0.20550851,0.1562329005,1.57682687026016,15.61161387,1.7460574395,41.07659229,10.84295,28.915,-4.04500569084838,39.4,2.493625,170.913333333333,16720,36750,4720,147000,5770
2017-10-24,NA,NA,-25.39244866,80.43383976,NA,0.037368034,0.261671632,0.06264172,1.19873085387169,14.72090548,1.6892444615,36.72672046,10.92485,28.73635,-4.07070012147771,3.8,0.5946875,229.949583333333,6620,43750,3200,171000,2070
2017-10-31,5.03415951060555,7.1548778855,-26.99854137,111.0533814,20.3165754925,0.075420987,0.7215309605,0.222326282,0.740683261425294,17.868014595,1.709882947,42.074097015,10.3358,27.96795,-3.22272058204062,0.2,0.685270833333333,229.812666666667,12340,10500,2240,35000,1990
2017-11-08,6.19378610692678,6.71622338,-26.50143472,131.174849875,20.18944215,0.307178041,0.455202091,0.3165841595,0.740721913809526,20.396755005,1.9897949665,46.00728085,8.9272,28.60155,-3.69978969554903,0,3.00629166666667,179.862708333333,31200,46750,7520,193750,1240
2017-11-16,NA,NA,-26.2344452,52.176684,NA,0.193044906,0.132320478,0.115723241,1.79315280579502,22.59991906,2.07,48.671645895,9.11575,28.877,-4.01394127204956,58,2.49045833333333,177.90625,19740,31500,1320,119000,2030
2017-11-20,NA,NA,-27.36417025,81.1921592,NA,0.112892723,0.0695943485,0.11393484,1.75032024863595,23.362978805,2.088435245,44.003459855,8.98185,28.61175,-4.20818821226319,60.4,3.14627083333333,164.421916666667,16560,29750,3400,82250,360
2017-11-27,NA,NA,-26.03551717,61.3457993,NA,0.063191049,0.1425355845,0.078243466,1.48255766455117,24.367656375,2.157242924,45.285841585,8.9457,28.5779,-4.44251986391451,23,2.42277083333333,194.78125,5260,17500,3120,118500,240
2017-12-06,NA,NA,-26.69748574,71.969014575,NA,0.0738531215,0.227745613,0.1467785475,1.12797118907806,25.193595515,2.166661603,46.427777985,8.12885,27.71975,-3.61195567676944,0,0.649604166666667,268.915416666667,1120,43750,4760,78750,40
2017-12-11,5.51435014918107,8.490113481,-26.897413155,68.8688602,10.5108117,0.048366135,0.3291348525,0.144859916,1.15669550305431,25.15641213,2.1779995975,47.429195025,7.51755,27.51545,-3.43742045717363,0,0.669791666666667,232.680833333333,3980,10500,2280,194250,80
2018-01-03,6.01617888958494,8.060657487,-27.351835685,77.693775525,12.821637835,0.070518293,0.224826666,0.0591217275,1.09638370446571,26.873,2.289,50.335,7.1904,28.47835,-3.65826047958948,3.4,0.327979166666667,280.55,4700,40250,5040,98000,3120
2018-01-09,6.37263967735028,8.508739811,-27.197325915,80.3741072552632,10.6923705755263,0.0603883995,0.1586754045,0.140937707,1.33335314852537,27.7595,2.389,51.4635,7.16625,28.50925,-3.95553568182876,29.2,3.24977083333333,154.401666666667,25000,33250,840,61250,3540
2018-01-22,NA,NA,-26.13889081,77.7759878421053,NA,0.097372707,0.110240938,0.131236022,1.68148955898193,27.293193645,2.41337794,54.059663895,8.0049,29.0064,-4.37276532920401,69,3.87760416666667,169.302083333333,10140,53750,920,162750,3080
2018-01-31,7.14093930500152,6.8920111365,-26.843047735,123.06581465,13.718056205,0.167110685,0.294576435,0.1430613325,0.682532531422282,27.40870629,2.349888866,51.93830988,7.54525,28.3093,-4.04357397369859,0.599999999999998,1.4343125,232.233333333333,23140,61250,4520,183750,1830
2018-02-06,6.14060154419385,7.8501473425,-28.07699675,114.5235359,15.795188245,0.0456958605,0.4555702755,0.1953515515,0.906965781111084,27.229867055,2.3660708155,50.22791945,7.501,28.1942,-3.80375835207564,15,0.440270833333333,218.767291666667,320,105003,1160,688353,80
2018-02-13,5.83166690242013,8.03110829,-28.444602235,76.7057011,12.018340305,0.071461263,0.366187491,0.116213618,1.11782337866542,26.847850395,2.342848024,55.113514555,7.5746,28.3907,-3.64793876792089,0,1.73525,281.170833333333,4240,32500,2440,187500,2540
2018-02-19,5.82851138962494,7.176275077,-28.279208375,81.544324275,13.8476506875,0.10158539,0.3148405095,0.24392134,1.06960626369846,26.93628758,2.34923203,53.536086045,7.2457,28.5282,-3.90281427783821,26.6,4.43679166666667,294.898125,2560,44333,5360,328953,120
2018-02-27,5.78485768170052,5.4041453875,-27.657699465,105.417807957051,16.8278613333974,0.187170034,0.261961838,0.141542773,1.2264610192729,25.616472725,2.17923123,50.13342976,6.7597,28.1259,-3.92026108629709,4.4,1.1320625,229.779583333333,55706,43750,2360,96250,680
2018-03-06,5.5794727836887,4.892962171,-26.35268129,560.2078359,15.924768695,0.3415108315,0.3054271555,0.1585116775,1.36319038829262,25.28689459,2.16156617,47.12180338,6.98945,28.11855,-3.7906064127184,0,1.04820833333333,220.421875,11800,140000,2160,147000,280
2018-03-13,4.58250360687248,4.715560035,-26.75854101,182.003088325,33.515354965,0.3287937325,0.4167972995,0.4940511695,0.857927078676858,22.9338474,1.904680973,45.851946445,7.2405,28.24855,-3.5132947898474,0,0.519148936170213,232.85470212766,5360,240625,16064,140000,2440
2018-03-20,7.56016189097861,7.3031118205,-19.503847415,900.7757656,146.19812435,11.55782316,0.315465137,0.588335308,0.643974664945793,0.044312185,0.0872836065,0.6032554445,8.57035,28.2312,-3.44388108749245,0,1.6773125,237.362020833333,2583816,31818,8756,22112,15382
2018-03-27,4.57169559919617,6.5487207925,-20.354259125,309.8019637,66.006226885,5.2935151595,0.0964589195,0.2052313165,0.446330324155191,12.85924025,1.3358641405,22.699385005,8.08905,28.86915,-4.11863382244741,31.6,2.3690625,187.62125,369170,24500,1443,3500,8998
2018-04-04,4.14271641879718,6.938369885,-20.293769795,274.5500638,75.57321321,NA,NA,NA,NA,NA,NA,NA,8.44155,28.94075,-4.15608583340017,1,2.35729166666667,214.351354166667,NA,NA,NA,NA,NA
2018-04-12,4.46628795425801,7.434232881,-19.108373815,535.54218225,115.0939436,10.1727472385,0.215515684,0.598077418,0.283183885294563,2.7226599205,0.762451769,11.044709505,8.94155,28.59025,-3.76146861803054,20,2.79497916666667,173.007708333333,2193200,21000,3600,0,10000
2018-04-17,4.52296197621121,6.34677301,-20.839723825,230.730034235714,41.3927471088095,NA,0.047870259,0.119382463,NA,8.7155582055,1.324489579,19.00660996,8.92735,28.83935,-4.10390617485473,0.8,1.35770833333333,211.8664375,113424,29750,1890,3000,31240
2018-04-24,4.46482474374832,5.0284820845,-22.422766935,589.39140215,120.18400585,1.3767348835,3.28409716,3.460901711,0.13262728213756,3.344108288,0.7435823455,14.34349111,10.0894,28.4618,-3.52894322326097,0,1.1424375,217.689375,227232,14000,1836,42000,34966
2018-05-02,4.22621393826995,6.7359557655,-22.47740132,385.12482795,79.10177057,0.9543805975,0.5195429165,0.7113174195,0.468977255537646,1.63597327,0.6412145565,13.90082134,10.8943,28.68505,-3.39423054677983,0.2,2.33489583333333,201.12,179228,70000,8066,399000,31012
2018-05-08,5.08217281235249,8.276481983,-21.21617862,388.17287015,78.392390755,0.600755097,0.105800968,0.132411232,0.635067497787299,0.0193768085,0.2962869465,6.708495695,12.8805,28.1108,-3.23045876535847,1.4,1.5891875,200.626041666667,389274,10000,666,10500,43469
2018-05-15,4.04748908951524,6.403995422,-22.2092261,290.622766074725,58.1817090023327,0.601611468,0.5841953885,0.464195174,0.256903472913543,1.4046844375,0.4845479095,14.081058285,12.79125,28.34715,-3.10817813433639,0,0.889958333333333,200.277083333333,354106,83125,3219,336875,8593
2018-05-22,4.83121371008292,7.4801897275,-21.65257161,256.677830171429,43.8035901761905,0.514815771,0.118445798,0.2667325465,0.441889092498613,0.2041698425,0.146142416,18.12956411,15.9752,24.93115,-2.67476826682095,4.2,1.30029166666667,214.685416666667,347222,51326,3312,39661,31509
2018-05-29,4.43962341685845,7.107591181,-25.16435544,203.1662936,46.9368411767692,0.1877750895,1.1764534985,0.3549099155,0.484706177495292,6.282406408,0.745539461,20.82068753,12.84685,27.6396,-2.87030902510653,0,3.22229166666667,260.079166666667,46630,122500,3720,568750,23235
2018-06-05,4.92507999270933,7.8063865085,-23.9623018,451.705010695238,77.0212485752381,0.2396948045,0.712259173,0.901886953,0.523270801100972,0.151286912,0.111005151,22.875904335,14.43235,25.6807,-2.85345792805143,2.6,1.80279166666667,230.589583333333,93536,210000,6808,56875,9555
2018-06-11,4.55643340038612,6.855278438,-24.111412545,206.228294233333,36.5359304933333,0.0493260045,0.348054707,0.29297951,0.491478771877759,0.107344398,0.122150853,28.223567255,14.59015,23.70615,-2.71628325188092,0,NA,NA,320,70008,3680,113763,800
2018-06-18,4.54854485688516,5.4071799095,-26.34306006,278.7210125,52.70204749,0.114229818,0.8640463275,0.4147843515,0.442085498903606,9.80530511,0.979497958,36.420853105,10.9476,27.97295,-3.09052819213383,0,2.0898125,253.7445,10054,53660,5600,195972,17385
2018-06-26,4.25328048261693,6.192592401,-24.60584083,355.1227171,73.80345869,0.072368009,1.3832146345,0.2099615715,0.741167198249163,0.1465918015,0.120966219,30.79058053,16.703,24.68575,-2.78242827750357,13.6,1.15975,224.830833333333,160,17000,2440,45500,0
2018-07-11,4.38905012649943,6.5240224025,-25.57786704,373.427642359195,74.7157568278736,NA,1.734767768,NA,NA,0.159577475,0.2188307805,33.889986145,14.721,26.65815,-2.78215451669605,3.2,2.00202083333333,242.797541666667,80,85750,1640,63000,240
2018-07-16,4.31445194875156,5.6179243845,-27.02141869,203.644293033333,44.2564039,0.152758594,0.736006857,0.245378687,0.37538674718371,18.525895095,1.7166022155,46.396263865,12.4968,27.7902,-3.2047174884762,0,1.28045833333333,189.222145833333,31860,196000,7830,1048000,11212
2018-07-23,4.25281262011202,4.500500164,-26.29162829,294.934398113122,63.7544922364253,0.3818998775,1.0023981555,0.20023106,0.55972779157043,5.849246904,0.8285670515,32.426347215,13.3115333333333,28.0471333333333,-3.13526162631473,0,1.68983333333333,175.698958333333,17160,65625,3920,498750,1640
2018-07-31,4.91158145225112,6.8853299685,-21.508484835,256.530611101191,40.8704721261905,0.231626145,0.0619911905,0.090061724,1.78673299545483,0.035347904,0.1668013455,0.9832822945,17.7136,26.8174333333333,-2.79802994356063,0,0.980583333333333,195.874166666667,129600,38500,5040,24500,22208
2018-08-09,4.60588258317531,6.335621544,-24.29137748,198.735325988889,41.6173180511111,0.093246327,0.154124151,0.126831391,0.607539196520377,0.19858922,0.210621809,13.182985605,18.77345,26.86085,-2.76525578551005,0,1.25189583333333,203.191041666667,141234,49589,4059,215858,4516
2018-08-14,4.11806069053496,5.420994675,-25.85581455,307.68156495,67.018681715,0.1012349755,1.6369554485,0.398946437,0.504297803929652,4.526271366,0.661752182,26.348116355,15.01625,27.23565,-2.91755821730481,0,1.27435294117647,188.412352941176,880,93329,8360,1335757,1560
2018-08-21,4.41304391234114,4.246312266,-25.45117459,211.4397196625,38.60958621,0.1566460485,1.052175953,0.3029274365,0.556614080461674,11.673627365,1.246726373,34.44066464,12.8955,27.717,-3.07469832261309,0,0.803541666666667,230.451458333333,2160,47500,8160,520000,1160
2018-08-29,4.40093891581465,7.960547983,-21.45107039,798.338420877493,160.165234749288,7.1795750325,0.8209156535,1.2231162435,0.203047669510316,0.130047541,0.2519803715,15.16090826,13.44325,27.8016,-3.13936060575668,0,1.6154375,177.1961875,942400,245000,14000,820400,36200
2018-09-04,5.73364240588512,8.104546146,-20.642180885,449.161464358295,89.3099838894009,2.115155355,0.2002635735,0.62839589,0.222498569234279,0.3228908725,0.140467609,3.536700822,12.368,28.10525,-3.10609862270209,2.2,1.871125,227.185041666667,879836,35001,864,27223,6769
2018-09-13,4.28848495911226,5.6052767465,-25.786101205,212.369044915385,42.3003938207692,0.078032384,0.6693880395,0.2956758485,0.449921280995623,8.320304794,0.947406011,26.91785062,14.4824,28.07395,-3.38188342394985,0.4,1.0708125,180.832270833333,2240,47727,21520,784844,520
2018-09-18,4.04361935694246,4.1892346935,-24.951059955,347.2577485,55.9728078041667,0.1305545835,1.459897294,0.3755154045,0.444787110051591,4.2152399885,0.552125078,21.090352015,14.32025,27.45645,-3.2071825922832,41.6,1.28104166666667,234.893125,7440,119000,4680,1477000,400
2018-09-25,4.44763285364598,5.780904186,-22.08656671,447.05748645,83.090185975,NA,NA,NA,NA,2.9459471115,0.3649897555,14.1195280915,13.697,27.926,-3.05101217059439,0,1.48470833333333,232.30375,1111440,50556,4366,167227,12588
2018-10-04,4.81343694710576,4.0752310845,-21.38525703,438.6982944,86.2126070333333,5.8321891595,0.1483051255,0.4664385885,0.244318520285177,7.791562558,0.973502107,31.688169085,10.8661,27.263,-3.19720246042038,3.6,1.81210416666667,244.997708333333,505054,72323,4440,30329,18917
2018-10-09,4.91056187148321,2.9458318455,-25.491191755,195.177647783333,34.8631505066667,NA,NA,NA,NA,12.45167392,1.2452260385,34.44936489,11.72645,27.8713,-3.25996418466121,30.6,1.15375,147.30875,37512,66113,3680,381122,320
2018-10-16,6.47719384659472,4.2515275365,-22.95074251,554.510651085,92.8969278818628,5.438431556,0.5199073475,0.484155204,0.248938630754987,8.6619687955,0.9589384165,32.52149587,10.82505,28.61215,-3.35920583846577,0.2,0.590791666666667,230.2594375,585620,45500,3330,283500,1887
2018-10-24,4.90199267899791,4.752183245,-24.76325704,306.772238495037,45.7453188998759,1.00843092,0.5259497245,0.385716651,0.284126983532443,14.20691469,1.4647121975,34.79206592,11.18925,28.79135,-3.44492403823542,1,0.642770833333333,216.049583333333,114008,22649,2046,45298,2493
2018-10-30,4.2996949871326,5.772549896,-25.120569735,120.388518744444,22.1216572655556,0.9518177045,0.2355458295,0.163342366,0.661334980473856,18.96759459,1.8004338795,42.215797975,10.8514,29.1017,-4.20285240829053,5.4,1.52820833333333,174.297916666667,186792,29612,4608,118448,3364
2018-11-07,6.06100304442788,3.985520745,-24.42214675,257.728325166667,19.0387759,0.1615261475,0.291230014,0.136134989,0.56591290915761,18.00555388,1.7540099905,39.922894165,10.46385,28.7829,-3.6803253414636,6.2,1.1615625,261.966666666667,17228,7000,3160,42000,80
2018-11-16,4.84655932123991,7.5148828045,-26.38249704,138.387656930263,24.3153235390789,0.190115479,0.695923947,0.2393668445,0.611151651455107,20.91965054,1.8353825175,38.49705904,9.9311,28.3524,-3.57678489304978,26.4,0.920291666666667,192.606145833333,5360,42000,4360,92750,200
2018-11-19,4.65231719243233,8.00330749,-26.42574105,179.273344315789,32.5094366631579,0.127351038,0.5907752235,0.216727439,0.585195143406977,19.70361659,1.748847916,37.106638935,9.34365,27.83765,-3.35856103107261,0.8,0.635145833333333,230.930208333333,16376,26250,11760,64750,80
2018-11-28,6.42607775968768,8.3243796295,-25.73782069,71.6844107,11.025458385,0.079162432,0.1339845905,0.0673544645,0.99759985085782,24.79040617,2.0912861095,43.80591267,9.42515,28.74575,-3.89368775184783,62.4,1.802625,154.377083333333,9880,10500,1480,94500,3740
