"Date","Volume.filtered_mL","Sample.dryweight_g","Sample.wetweight_g","C10.0_PERCENT","C11.0_PERCENT","C12.0_PERCENT","C13.0_PERCENT","C14.0_PERCENT","C14.1_PERCENT","C15.0_PERCENT","C16.0_PERCENT","C16.1n.7_PERCENT","C16.1n.9_PERCENT","C17.0_PERCENT","C18.0_PERCENT","C16.3n.4_PERCENT","C18.1n.7_PERCENT","C18.1n.7t_PERCENT","C18.1n.9c_PERCENT","C18.1n.9t_PERCENT","C18.2n.6c_PERCENT","C18.2n.6t_PERCENT","C18.3n.3_PERCENT","C18.3n.6_PERCENT","C18.4n.3_PERCENT","C20.0_PERCENT","C20.1n.9_PERCENT","C20.3n.3_PERCENT","C20.4n.6_PERCENT","C20.5n.3_PERCENT","C22.0_PERCENT","C22.1n.9_PERCENT","C22.2n.6_PERCENT","C22.4n.6_PERCENT","C22.5n.3_PERCENT","C22.5n.6._PERCENT","C22.6n.3_PERCENT","C23.0_PERCENT","C24.0_PERCENT","C24.1n.9_PERCENT","C16.2n.4_PERCENT","C20.4n.3_PERCENT","C22.1n.11_PERCENT","TotalFA_ug"
2015-03-13,7180,0.2208,2.3867,0.000661028911984125,0.000302715364328765,0.00253269590635945,0.00221813516883457,0.116867919507081,0.00095805189023297,0.00765473903365379,0.18588198527737,0.14442970548129,0.0274099243481321,0.00453979208473774,0.0875314584744682,0.0351246989872736,0.0380985509097903,0.00145588790026223,0.018196222538178,0.00199942287409265,0.0473036334566822,0.000982934934146454,0.00534280921954903,0.0169463083978349,0.0274310293653217,0.00471578693427441,0.00293654870360972,0.000939553228482651,0.00449269170641904,0.095174797015452,0.00233517465613201,0.00662872809784331,0,0,0.00245532461414542,0.000688247017024146,0.0645686887072764,0.00212458023236957,0.00191827513115193,0.0045506206989112,0.0244861184163913,0.00220247467518486,0,319.054741692925
2015-03-18,9700,0.0601,1.7239,0.00119617933025135,0,0.00749273802334774,0.00120036808353717,0.0588683331824801,0.00122219238660991,0.00642357488813181,0.22282587341615,0.0531772675340313,0.0105185606302705,0.00518977752033014,0.284668376395291,0.0160852381326645,0.0236772173478503,0.0038383100687411,0.0383961729069551,0.00428718421655887,0.0265854356695667,0.00226408148012408,0.00393413379122043,0.00174244335879387,0.0130548820625714,0.00952349338690526,0.0054921617694458,0.000427634223393333,0.00191096933762334,0.0778982935522844,0.0118236371803924,0.007258839040463,0,0.000951862431198334,0.00503731027734815,0.0005436056317852,0.0644292725696881,0.00838683285566821,0.00321390690614525,0.00248885147219493,0.00851347474001829,0.00218329055799833,0.000851187468473511,672.670056292625
2015-03-24,9400,0.0478,1.3067,0.000786460063365442,0,0.00563865266956355,0.000866312088538145,0.0644679194041338,0,0.0049854237176544,0.174555823871927,0.0608087076960463,0.0101425113048628,0.00754827148298343,0.366630441259229,0.00768972940828011,0.0213563911237121,0.00543152643436938,0.0216101726228593,0.00346768216002978,0.0289117245886369,0.00108616603618219,0.00646802215842029,0.000929769017447494,0.0143558036571972,0.0148407674368118,0.00784075921083028,0.00097851417920782,0.00290500041376724,0.0727278916885651,0.00314021407392338,0.00352292105756279,0,0,0.00241975615147749,0,0.0656270776831871,0.00221436288979636,0.00152964638031059,0.0033628859551483,0.00728476647800053,0.00201127593488697,0,226.702009372415
2015-03-31,9800,0.034,1.1381,0.00136683437760524,0,0.00542121562668939,0.00138987342036872,0.0781264607533653,0.0019955947434611,0.00515679273554222,0.197159508538932,0.0781358348761035,0.0137015901893115,0.00705604189320451,0.211443211909944,0.00834070718089331,0.0224494198218857,0.00261634875032359,0.0436573038190789,0.00165549565502379,0.0285414372596252,0.0156816857471463,0.0200898768138576,0.0016390990863289,0.0509413556923724,0.0102829924478738,0.00219790588074664,0.000554535337379479,0.00219674216211809,0.0796886239652583,0.00404805328194477,0.0283117108360066,0,0,0.00165060004558561,0.0017889120921586,0.0552829981962717,0.00187018446776334,0.00277770747507547,0.00246056812521456,0.00585396769432507,0.00284817993376951,0,200.267045542588
2015-04-06,10000,0.0226,0.6044,0.00146000325579956,0,0.00542021222040591,0.000781468923439204,0.0783696595250774,0.000442100096263468,0.00425867868067181,0.16666344326677,0.0537026585056289,0.0101053354939924,0.00647167272083497,0.154445466473602,0.0081075022505461,0.0211464881684981,0.00128250749011591,0.0990320813959602,0,0.0608671005518038,0.00286092971744869,0.0241555939938106,0.00104966338564516,0.0727730060181614,0.00679110482834013,0,0.000892053486890237,0.00222866388445411,0.0983131106772339,0.00255284442394581,0.00638855492948599,0,0,0.00169764096137208,0.00145897433877842,0.0871576439641288,0.00221697216027274,0.00254027175723243,0.00180646971318671,0.00891605266608517,0.00228397367451957,0,237.7777055264
2015-04-14,9500,0.0891,2.2322,0.000973512728195863,0.000217464919220191,0.000444612677976837,0.00272473509897109,0.15257303286085,0.00124203595061514,0.00801342028162799,0.153425650765746,0.172131262688387,0.0296678586876148,0.0039890748896395,0.0772424184469029,0.0355720524795865,0.0346325522229612,0.00139280935011568,0.040455980944159,0.00189839340485762,0.0565003661292919,0.00231203750258526,0.00931093498354154,0.00524156188726452,0.0381995182055267,0.00370246094434185,0.00142818161385762,0.000413987751958508,0.00225959910748081,0.0579721945552123,0.00129339250874202,0.00464297098838184,0,0.00257820035413552,0.00215536339367984,0.000698088841081473,0.0535398675836662,0.00130215927118988,0.00208991991187896,0.000948932302806516,0.0288381588430805,0.00238279290220018,0,495.433407141869
2015-04-22,7500,0.076,2.112,0.00102214030532543,0,0.00795903301687914,0.0021726459278074,0.147896000979009,0,0.00673868983060139,0.200545875086832,0.0965596669123273,0.0150541377770749,0.00602860078676154,0.118905259172174,0.0125835324904817,0.0327284698534255,0,0.0459444462361815,0,0.0501602826913775,0,0.00815505055686977,0.0015377552147229,0.0168354689596779,0.00722462457959833,0.00505589560458826,0.00137929706309244,0.00395323428002869,0.0927039635168686,0.00506441482392709,0.0140022508234647,0,0,0.00275205879613051,0,0.0677175212371719,0.00211485230134732,0.00196967375511964,0.00292483824404429,0.0161364277980535,0.00225999311227162,0.001354248839322,181.181909361681
2015-05-01,8950,0.0562,1.2595,0.00159291924570369,0.000763940336765605,0.00733581413271221,0.00290268658307364,0.183097557764558,0.00093751802330289,0.00633301938694234,0.155332168935776,0.1206309032274,0.0164104620820485,0.004667140972331,0.0809996850136262,0.0232945525350617,0.0309566867278256,0.00107392576317754,0.0381489664878356,0.00155007237635814,0.0716875283341025,0.00227706148146752,0.00431968858730348,0.00664367504858915,0.0109432319655021,0.00419739244059655,0.00148051685754102,0.000812141673001289,0.00825623444950717,0.108462788417196,0.0028142772938628,0.00988713227318906,0,0,0.00281861380276697,0.00194467439042448,0.0545604445199247,0.000996403708319965,0.00108862764184071,0.00171032781220694,0.0218010141025803,0.00233027176098079,0,408.388402304528
2015-05-05,6800,0.2104,2.1115,0.000938130820893851,0.000284148643491291,0.00620845564229937,0.00187567052880422,0.171123478227808,0.000864731026399619,0.00664370963124167,0.162020941493743,0.135212356699674,0.0113590862201149,0.00397224661707021,0.0681321936047741,0.01917665813206,0.0265883353887109,0.000731039834479246,0.0410930974299397,0.00139205383623959,0.0485382563574687,0.00202484625560596,0.0052096232070007,0.00985870169354816,0.0125354755961839,0.010511584625177,0.00168612318450596,0.000966412904435726,0.0109306631353104,0.12356285473235,0.00297144085942492,0.0132210893191755,0,0,0.0038221215192384,0.00299405928624873,0.064552541133508,0.00106891144340279,0.00118423408163597,0.00143294077641276,0.0180683140478575,0.00286775995152548,0,382.034174356053
2015-05-13,10000,0.1073,2.4415,0.00127588813871881,0,0.00625476904911483,0.00135568929014303,0.120486571937041,0.000759930088639688,0.00709548571989559,0.185226382476302,0.0944223080514426,0.00873528026315706,0.00572651793641165,0.189773824520696,0.00622118575071895,0.0327469786024136,0.00162751284767945,0.0304188713196151,0.00059497934054313,0.0306696326002809,0.00226522979105115,0.00983640817789817,0.00152217262572664,0.0426461584330139,0.0090903729613839,0.00210359221267756,0.00153925120341476,0.00749248158367473,0.0902914516790464,0.00411533136613687,0.0134985458085267,0,0,0.00302722084876307,0.000947711141311613,0.0671003577282501,0.00249801414975681,0.00262638120926052,0.00277449319915723,0.0087531926237754,0.00213727808380873,0,302.443027144307
2015-05-21,9500,0.1282,2.5892,0.00501320279373393,0,0.0121870744813317,0,0.156191123805329,0,0.00646564471391875,0.211034628934314,0.126850656011883,0.0107749161478461,0.00391681633721162,0.104750654403892,0.00396333382304416,0.0738659729038345,0,0.0282489729497908,0,0.0454882321432407,0,0.0108883550230485,0,0.0301297784955509,0,0,0,0,0.0783432633196279,0.0106195713816455,0,0,0,0,0,0.0649218835576342,0,0,0,0.0163459187731225,0,0,297.541825684129
2015-05-26,8800,0.0688000000000001,1.9804,0.00246621854383492,0,0.00881443639988,0.00203132150661009,0.123905530746357,0.00192994923462865,0.00809554953370258,0.253841936805426,0.114597084804992,0.00974466048291889,0.00591368058798028,0.10903496083561,0.00330437690530632,0.0328894623126009,0.00117581395236561,0.0352724725381429,0,0.0377815621834095,0.0039003889750468,0.0205540714291156,0.00226380712663413,0.0323706272058805,0.00544088802594979,0.00152547830504276,0,0.00506312990749264,0.078170928852861,0.00681204997326484,0.00671125945527512,0,0,0.00305525467675404,0,0.0644520678947599,0.00222603790075267,0.00404578054517491,0.00317617026550795,0.00549929770285861,0.00298916964387255,0,340.542155107092
2015-06-03,7800,NA,1.3054,0.00154838261274634,0,0.00538145266370187,0.00108760823558309,0.0721058205465862,0.00144705069218979,0.00728325437751241,0.184922520290722,0.0681870881670136,0.00786286687666558,0.00870230069869404,0.279033591735805,0.00488080957982544,0.036341501113906,0.00417442631820456,0.0213146759768114,0.00283802454306623,0.0255382211889202,0.00473962530138968,0.016821743307617,0.00126911115364113,0.0348986674449205,0.0135675709799873,0.00225978816352579,0,0.00404466116753338,0.0722243509309271,0.00400094033037344,0.0158416231360549,0,0,0.00231208998998805,0,0.0815087263819567,0.00182548618970598,0.00320149022242851,0.00310437553370344,0.00387909732219152,0.00185105682610239,0,175.486996772584
2015-06-15,9900,0.0696,1.9028,0.000545575588860582,0,0.00478974676938861,0.00279276180910969,0.0896889808540232,0,0.00646834621044547,0.186400228506037,0.0846871255222117,0.0222624436747749,0.00660792514624388,0.181459188902686,0.0143302158642492,0.0333173368693644,0.00147577226624256,0.0232384981773775,0,0.0381989433202173,0.0190634183729744,0.0235437580174267,0.00254365712764419,0.057920725430441,0.00850357582263274,0.00226448845925208,0,0.00224557631481747,0.064874515971736,0.00180758966981169,0.0192545097480083,0,0,0.00250672197111213,0,0.076675924818127,0.00118754841655218,0.00288325782322458,0.00269829301877076,0.00997921517038553,0.00260658710173834,0,238.42080790376
2015-06-24,9950,0.062,1.8477,0.00151837453355233,0,0.00730969522727177,0.00174655518422568,0.0805353384345668,0,0.00770679905744191,0.205852434716733,0.0618591871617934,0.00674292775599026,0.00815597216055297,0.237141038993467,0.00392493584735371,0.0590462364792225,0.00399278689591752,0.0189305260268206,0.00173129843196438,0.0207923261446787,0.00164231547834678,0.00992866651303035,0.00163904399366855,0.0473988898903032,0.010664511062844,0.00278794718197802,0.00184125866277103,0.00368572148700753,0.0665247917161684,0.00566032235101139,0.0151730741312005,0,0,0.00310498030885449,0,0.0813232352806854,0.00569102862799743,0.00341229248162091,0.00444638313517806,0.00590529480915689,0.00218380983662417,0,192.235895189544
2015-06-30,8750,0.0657,1.9751,0.0031428160248041,0,0.00981954910983512,0,0.0941957265934392,0.00230840184854363,0.00680778101652092,0.187173469741545,0.0532375164443765,0.0132166783188116,0.00823450560338051,0.13392532527207,0.00227418400228512,0.0726914242605036,0,0.027490662431047,0,0.0244269528211762,0.014185209838508,0.037616602216857,0.00167159943310859,0.115965911732028,0.00627421687200562,0.0021704588004936,0,0.00145627372828368,0.0588570960141748,0.00541178123049301,0.0148512333926483,0,0,0.00189535272508205,0.00196698868962134,0.0878235161996626,0,0.00358640838541425,0.00212424100397211,0.00300316892007799,0.0021949473292305,0,172.28981045883
2015-07-07,9900,0.0455,1.313,0.00144423920901774,0,0.00556328034363588,0.00111419468066308,0.0612450659323308,0.00151766530128266,0.00509652989788116,0.206580622802261,0.0520741168090513,0.0176454754412034,0.00802495551275367,0.195063471015795,0.00538356900363722,0.0430333622944421,0.00330212356603239,0.0364830050709924,0.00201353059826312,0.0227624909386152,0.0439043898597957,0.0363751533663555,0.00207856301909779,0.0890985462671506,0.00861346152502837,0.00341541406180455,0,0.00141224531738596,0.0490074464498833,0.00361706553480535,0.00942051617476918,0,0,0.00191573942117052,0,0.0700093560300297,0.00220139815142024,0.00220346515089685,0.00315778898590506,0.00311704500294772,0.00210470726369525,0,230.088289213972
2015-07-22,10000,0.0643,1.9833,0.0014643233256892,0,0.00454733764590807,0.00214776645838452,0.0769050458114227,0.0033213731177649,0.00458970352038298,0.167575681757958,0.0805260700641863,0.0200531894045893,0.00576171301858691,0.076320207712896,0.00209418905051925,0.0870452875645838,0,0.0216832454838233,0,0.0248055065962723,0.0435039003428883,0.0336752790268685,0.00286801928777011,0.164266187933568,0.00403324790569998,0.00172657471212412,0.0012026299422163,0.00160383015211116,0.0616104987328798,0.00193751536713991,0.0182871671611659,0,0,0.00222710397929656,0,0.0718223798856165,0.00206856635682123,0.0021928978982695,0.00205401523174159,0.00235645673286748,0.00372308881798779,0,298.083791551456
2015-07-28,9600,0.0549,1.4877,0.00158654959058218,0,0.00886716099539154,0.00124349478486915,0.134416475746053,0.00497664629509056,0.0065270456658343,0.190115151152075,0.150887310134698,0.012617136617126,0.00569953826750164,0.0667546484563147,0,0.0387079301485904,0,0.0314749578891379,0,0.0300057486916033,0.0172182479579743,0.0370401556382174,0.00196527444118048,0.0714216712582065,0.00400527088878066,0.00195561455681369,0.000885148007338079,0.00256165180294723,0.0756926722172067,0.0034775463040956,0.00788093739333011,0,0,0.00248417417976584,0.0011979599251138,0.0750534421514872,0.000942043837226739,0.00267116679931986,0.00169088788378835,0.00289385542378225,0.00440655897827082,0,277.057540642986
2015-08-12,9800,0.0481,1.3564,0.00141556336786684,0.000717405188163006,0.00493283456347728,0.000987147783564575,0.0891344778781822,0.00144071392809437,0.00573576348501334,0.162525677530718,0.071199942231575,0.00848374603239915,0.00686078001798095,0.208234930108304,0.00439198681621975,0.0656913141845573,0.00311508517821018,0.0285896269633545,0.0022058099315898,0.0312242488615366,0.00610749161470088,0.0204651799207857,0.00212311288588585,0.0450304870575448,0.00935090997801283,0.00879365023967736,0.00147352580089112,0.00358009924094318,0.0820563659361594,0.0039019679619881,0.00978681411796881,0,0,0.00210514965654638,0.00164013686214376,0.0900961731877507,0.00259408173263622,0.00198308275314303,0.0030910776913779,0.00458687027448449,0.00343356564715003,0,246.481213956439
2015-08-20,9700,0.0459000000000001,1.2728,0.00158097481665565,0,0.00717438434257987,0.00138597462269242,0.103650905817231,0.00307352677547218,0.00562807237053488,0.158096115499086,0.0754067465303018,0.0129961863971516,0.00707731186932522,0.137013501660718,0.00456559404982498,0.0366070192106129,0.000898802556653194,0.0280216136308968,0,0.0404470635547902,0.0148577632840543,0.0309561307658293,0.00165937287102729,0.0808978590645856,0.00718559258922163,0.00145638652385814,0,0.00282522099698375,0.0966779384246381,0.00337741220752984,0.00865554891955627,0.0097856071269496,0,0.00289743280786675,0.00157063191856615,0.0941584776922278,0.0023723014710149,0.00229817633931896,0.00202450539113192,0.00745821202118092,0.00390710103735063,0,201.8770438432
2015-08-25,9900,0.0558,1.3467,0.000928153773270284,0.00053336378587362,0.00522246833903333,0.00126939831152113,0.117505186302328,0.000895687916487349,0.00504398945128042,0.155221001979589,0.113652395534037,0.0164938664137942,0.0047549328623187,0.241777966185235,0.00818265429981248,0.0215710447229313,0.00440864978916945,0.0173296489799003,0.00233676687938108,0.0432646849364045,0.00652495246507338,0.0132240727955708,0.00399440462947839,0.0349549535342372,0.0103653328765682,0.00106170425652884,0,0.00301988856783539,0.0826039900961996,0.00233161419306521,0.00320224291362797,0,0,0.00205523593973952,0,0.0502944802136994,0.000835437962932366,0.00377122186214995,0.00145496550436374,0.0150707113415752,0.00283016564349005,0,463.508903374206
2015-09-02,9650,0.0502,1.3788,0.00114039628339178,0.000538885886172504,0.00474455352114562,0.00131102867928732,0.103630744790805,0.0030426127083958,0.00608617582243691,0.150895939852518,0.0957629460883171,0.0137303580490465,0.00719721233782906,0.219985786271487,0.00478866968266868,0.0304848632846514,0.00338784981039778,0.0195478811401582,0.00115701374477463,0.046114069885976,0.0117121009604312,0.0198137522083188,0.00448712418864058,0.0499839697887371,0.00921936374174475,0,0,0.00376751936237227,0.0924809997587485,0.00239318792626164,0.00430803329260677,0,0,0.00228465906207602,0.00158877436790679,0.0697255261727978,0,0.00165344534294287,0.000755907935809344,0.00710983016853603,0.00251926613299955,0.000866352800909413,228.362402516419
2015-09-09,4600,0.0485,1.432,0.000879493947418494,0,0.00267130160145688,0.00124823004760768,0.110538557459015,0.00246623777650523,0.00501941191401391,0.166756493859392,0.105333062414425,0.0142207314976267,0.00502174454042927,0.117255200623483,0.00375249460730725,0.0316920370134915,0.00151156205093916,0.0182056232539495,0.00127890853312365,0.0350465222742476,0.0150073417888333,0.0363070745095531,0.00523809104733149,0.0919428483626852,0.00499298462853466,0,0.000906605412616493,0.00285581873177541,0.110433460212039,0.0022415404745619,0.00353038820268248,0,0,0.00252227079162214,0.00125122268979962,0.0850702446286749,0.000940046501842361,0.00161614937141943,0.00138457914119323,0.00558274391148062,0.00427117400041983,0,317.283591424194
2015-09-28,9800,0.0273,0.6769,0,0,0.00508353978984939,0,0.0953757182485689,0.00303515430753644,0.00651660132708244,0.179003331870478,0.0954412715193311,0.0171059145322809,0.00371042102980604,0.219848534599039,0,0.0214831910658615,0,0.0419113884360907,0,0.0741784455975063,0.0124143061582199,0.0260151752474073,0,0.0489824420064375,0.0114793043902889,0,0,0,0.0652544423838672,0,0.0118753187943671,0,0,0,0,0.0449080382958261,0,0,0.0110732220148988,0.00530423838525682,0,0,183.638931203329
2015-10-06,9340,0.0504599999999999,1.40046,0.00185889766854403,0,0.00558392188834598,0.0015595800528325,0.120346790531795,0.00275973935693683,0.00651795689138189,0.161320255021525,0.110088104505133,0.0189583109826917,0.00611708242466233,0.118836333277571,0.0080439349364055,0.0244614481640246,0,0.0253813399496514,0,0.0584305592148413,0.0159159758770322,0.0269839378208883,0.00178916390812592,0.0615450341316784,0.00639121069935514,0,0,0.0033434253312111,0.105830389747893,0.00442659057362419,0.00243864964324482,0,0,0.00284360929904912,0,0.0757557565179248,0.00390473641066307,0.00175426480722558,0.00161743465600514,0.00975532127156175,0.00397625330510884,0,211.545893160249
2015-11-03,9600,NA,0.6878,0.00151504507337504,0,0.00959300683608749,0,0.0777118801362076,0,0.00906770306981138,0.211604288678942,0.0592508055510923,0.013068434619041,0.0121424202048889,0.209580724466381,0.0202129088696684,0.0237997308630762,0,0.0490992612221337,0,0.0741013798290207,0,0.0158277320652789,0,0.0289303257113776,0.0131244115758045,0.00305233422904832,0,0,0.077581884645453,0.00837250986706418,0.00771717883295456,0,0,0,0,0.0561485309106232,0.00410684147059533,0.00392553001863049,0,0.00762677944073775,0.0028383518127058,0,98.4599400599052
2015-12-11,9900,0.02573,0.72923,0.00184670399144586,0,0.00574288936262214,0,0.0405252796354302,0.00234480608464371,0.00642376396232449,0.193425124692869,0.0355130598020316,0.00987329432070245,0.0140307780682408,0.323190740388927,0,0.0179030747131988,0.00318523836090298,0.0470279890914609,0.00890994666635662,0.067660098573953,0.00612996934889178,0.0138829596356068,0,0.0198670991944942,0.0178339606672955,0,0,0,0.0171383480539591,0.00491285401854405,0.0138975108440993,0.0340506125280058,0,0,0,0.0148340790560078,0,0.00467240527970581,0,0,0.0751774136582805,0,58.9552857674811
2016-01-05,10000,0.0224,0.6708,0,0,0.00899996649199637,0,0.0787812418055328,0.00387849863146941,0.00812220663604962,0.229582613220679,0.057754399058317,0.0202642719971016,0.0205744831723422,0.144912409777614,0,0.0287320837357449,0,0.0479423337388439,0,0.0506274838701365,0.0210897482936661,0.0408545882977928,0,0.097623107633198,0.0137336486904856,0,0,0,0.0661031821452875,0,0,0,0,0,0,0.0604237328037423,0,0,0,0,0,0,44.3338945596294
2016-02-02,9750,0.0112,0.6977,0,0,0.0078669160271493,0,0.0604126484790481,0.00193055847310883,0.00584682069825431,0.199562703908188,0.0384228538347319,0.0159692267009782,0.0132290960803544,0.243536921997401,0.00186074384501894,0.0195245024091623,0,0.0429809410809034,0,0.0706391176027629,0.0183876098399075,0.0356451682508609,0,0.0840748622828023,0.0132089389515121,0,0,0,0.0553601068656348,0.00383306328183239,0.00433217516079073,0,0,0,0,0.0559008699481151,0,0.00390103210581026,0,0.00357312217567175,0,0,78.9010126060077
2016-02-09,10220,0.02443,0.69843,0,0,0.00700156409068574,0,0.0534978570676503,0.00265126918762907,0.00555254637426014,0.252521241626737,0.0346439262111398,0.0137419240751075,0.0113029880061039,0.344203517419884,0.00181335958321191,0.0162436564949429,0.00370471998781709,0.0277533736960446,0,0.0311350907625534,0.00986589435170531,0.0218564632399086,0,0.0448641593687323,0.0147177982065392,0,0,0,0.0342651687213081,0.0239835709374585,0.00531245601646316,0,0,0.00217399651230178,0,0.0201445392603777,0.0136943811105739,0.00335453769086361,0,0,0,0,102.014393981167
2016-02-16,9750,0.0217,0.55005,0,0,0.0144199296540717,0,0.0446356471703398,0,0.00633788090072588,0.245005220411091,0.0269998980031051,0.0123153479331412,0.0126361073051427,0.309839180829223,0,0.0136503639273793,0,0.0685779083910697,0.00493829375219118,0.0686649263440285,0.00855756051587795,0.0207498158894692,0,0.0387013708015778,0.015167468977007,0,0,0,0.0358872880747597,0.00774318036835839,0.00418219748043342,0,0,0,0,0.0327526794611787,0.00302303066821246,0.00521470314161694,0,0,0,0,98.8280357564158
2016-02-23,10000,0.118,0.7958,0.000891249290809076,0,0.0176945153607559,0,0.0406637256936691,0.000843825745360024,0.00468659798203055,0.195819447077174,0.0281850030806207,0.00857552092151109,0.00994913189524071,0.322279494873441,0,0.0920623617138927,0.0147399970511509,0.0692990110965729,0,0.0569354646713062,0.00668548656081064,0.0159777596797192,0.000589401984897058,0.029020138012571,0.0172007026241968,0.00178168170456835,0,0.00115931309221101,0.0255918897092823,0.00576773690079624,0.00198569081178411,0,0,0.000875380924915321,0,0.0217358862184236,0.00345922928228304,0.00274039168868095,0,0.00178512462799936,0.00101883972332636,0,132.100226013159
2016-03-15,10000,0.0235,0.7818,0,0,0.0088191690986076,0,0.0581049899563213,0,0.00603323311094346,0.198976952714999,0.041961542111804,0.0121132517834578,0.012975432247749,0.2854489953275,0.00209763125142074,0.0185292479846237,0,0.0546032071805244,0,0.0679701818629568,0.00704175282019086,0.0278847668753991,0,0.0483928697816312,0.0179139199151847,0,0,0,0.0594181837295388,0.00603396585336561,0.00588526501587587,0,0,0,0,0.0511746468923675,0,0.00460106152880718,0,0.0040197329567304,0,0,77.9176446500095
2016-03-22,10000,0.0109,0.6591,0.00370143403017614,0,0.0107069991716629,0,0.0991259184204062,0.00123267274328802,0.00668781850972836,0.191137170308543,0.0559358142760653,0.0156073204439627,0.0103807201954425,0.17749364267538,0.00400488737140831,0.0220077568369081,0,0.0341274771595554,0,0.0474470451305809,0.011176650225988,0.0306921094538446,0,0.0723343677415962,0.0105988153495586,0,0,0,0.0889266069826576,0.00927648441679788,0.00410040539151459,0,0,0,0,0.0720885013917811,0.00807641024052233,0.00375690609466231,0,0.00585092419977446,0.00352514123819405,0,108.388320408542
2016-03-29,10000,0.0268,0.7007,0,0,0.00380448204157796,0,0.06894308393207,0,0.00690562570837139,0.206641507064,0.0662910384830711,0.0162897187161287,0.00609788010465566,0.2421354613263,0,0.0194542537089694,0.00420989844673413,0.076162486817838,0.00273107301392695,0.0668820143425597,0.00500058913735525,0.0197107418305976,0,0.0471250425848178,0.0136075505139263,0,0,0,0.0668875288627518,0,0.0059161368239332,0,0,0,0,0.0470683928479341,0,0,0,0.00813549369248038,0,0,174.823705038552
2016-04-08,9970,0.0579,1.5419,0.000783513789034791,0,0.00533426753731644,0.00263380812462818,0.108149883805752,0.0016145317359896,0.0103611775846058,0.230152673892158,0.10876899898869,0.0171583253425027,0.00749609830512311,0.0768609517053948,0.0148513398576316,0.0283542023071893,0,0.0606431673841484,0.00129157990762521,0.00598548645797939,0.00240776132955416,0.0120063022833339,0.00188798504357432,0.0278664390447135,0.00467835549686891,0.00672628867646967,0.00183605591496309,0.00366487718581393,0.1231899115653,0.00348843773476433,0.00221907601004818,0,0,0.00693946893840858,0.00219385116200779,0.0899216931463282,0.00290929222454313,0.00214684833811318,0.00148196454551691,0.0171918444873249,0.00315417135901244,0,211.581280325378
2016-04-14,10000,0.06423,1.60863,0,0,0.0071155877661524,0,0.128413171255581,0,0.011647577772436,0.236192146300955,0.114022096241552,0.0241283840340413,0.00750293792981528,0.0700379877457085,0,0.0253562193883888,0,0.0938344322401645,0.00475647269188519,0.0610681711390039,0.00280780036633502,0.00636354957293478,0,0.0178922513446755,0.00723799976954282,0,0,0.00413053790918115,0.0728347262578652,0.0023070072218253,0.00859128191111008,0,0,0,0,0.0605131854390265,0,0.00336818450648788,0.0051937145129243,0.0179460598657726,0.00221860341446689,0,488.237025442008
2016-04-28,8900,0.0225,0.668,0.000887911030818709,0,0.00447559269968475,0.00137747569552879,0.0963233066965501,0,0.00746701829357023,0.22229534177214,0.0815091731719491,0.014521110384351,0.0102845216261206,0.181359903204072,0.00471417224437991,0.0341299479995828,0.00123842626447219,0.0605022697124926,0,0.036886071199379,0.00880213769315777,0.0137079808224151,0.0014129191881018,0.0302508847169202,0.0116919280966382,0,0,0.00255036633657636,0.0593959901275983,0.00477987981581388,0.0038552875314899,0,0,0.00133004079424832,0,0.0889895725634904,0.00176682921249925,0.00362731577674133,0,0.00817194222077656,0,0,160.358971274378
2016-05-09,5050,0.05483,1.62573,0.000788629430577328,0,0.0162553888251869,0.00526610600103154,0.166837463649001,0,0.00936253306586854,0.164242209680374,0.149901504817237,0.0489142483104611,0.00581258803313294,0.0612991180435884,0.0298892451040721,0.0236535437288644,0,0.026404637602756,0,0.0835440209375984,0.00455465308019411,0.00685457637161153,0.00338247980727514,0.042589452424806,0.00471324213926975,0,0,0.00195799577655748,0.0548961945580075,0.0027700484987342,0.00511569076395925,0,0.00146719253368655,0,0,0.0362346808037259,0,0.00318803568031378,0.00278609058142018,0.0274654834315117,0.00136007780068464,0,211.388773638283
2016-05-19,9960,0.0479,1.3408,0.000907401121858118,0,0.00320945993701002,0.00163482301045865,0.157844370987583,0,0.00783179797530146,0.180208510592407,0.164696751698853,0.00802763796414743,0.00503159074794304,0.0802913923309802,0.00719660647361501,0.026963622517289,0,0.0261413902032585,0.000649460446336436,0.0326046779504104,0.00218846563495828,0.00692173116011323,0.00351756149151522,0.0188669050061533,0.00673842360279655,0.00126633860228627,0.00133565053611705,0.00747699084719301,0.115540950380133,0.00285786834237716,0.00426136425625521,0,0,0.00300912013922941,0.00148784457353956,0.0948093999703638,0.00138694565931567,0.00274907147882257,0.0022586350360795,0.013302276631635,0.00281170200933259,0,431.277535342705
2016-05-30,9900,0.0559000000000001,1.3876,0.00118480821546945,0,0.0148384556557345,0.00166667187466488,0.163592295437647,0.000637781240922143,0.00803352036821145,0.203524729296912,0.13849265804817,0.0130001850518642,0.00523130466589894,0.0930054255779195,0.0125353762803044,0.0324992795903934,0,0.0252345819450208,0,0.0452166586120267,0.00176077980755101,0.00780321994380392,0.00322542454713238,0.0159737019091836,0.00970328640139007,0.00114772197931417,0.000814930575832815,0.00472847250893756,0.0817399271357376,0.00987307894736729,0.00245138416221582,0,0,0.00230326256241146,0.00115846241721466,0.0617357184845835,0.00713217492295079,0.00525172084101615,0.00183415689473141,0.0148497154747482,0.00245375457475569,0.000890825296470993,307.369276678621
2016-06-09,9980,0.1039,3.0451,0.00121496379473959,0,0.00411703050164614,0.00275472589093551,0.123314178878086,0.00100014377449172,0.00885966101282515,0.231387744519925,0.118835905042424,0.0167715961336722,0.00541959672405502,0.118355706220582,0,0.0340123171315107,0,0.0310242618790985,0.0043429318615502,0.0317364749056985,0.00272908779192059,0.000955583961809682,0.00275646995403287,0.0260166256888716,0.009527887726604,0.00246300796483235,0.00346382823450512,0.00538420718254766,0.0829319557189126,0.00350340169095991,0.00730454869406606,0,0,0.00441837283678466,0.000765647203598227,0.0904074405361103,0,0.00395409869356636,0.00380600958795124,0.00966096420310921,0.0030707914718128,0,437.735887428665
2016-07-11,10000,1.37734,3.48474,0.000618930751139786,0,0.00221732839249716,0.00121894320931696,0.206948790505237,0.000635981374078466,0.004018934791888,0.108778281883564,0.0357162043530036,0.0288404828803183,0.00480265157253996,0.0296051033558217,0,0.0180173375043377,0,0.0481654527114301,0,0.0474076168666106,0.00242739675894745,0.0349131368325182,0.00716000441179269,0.148130434073744,0.00124436703466107,0,0,0.00442668170985069,0.0599585243307383,0.0024506530429556,0.00047667577358085,0,0,0.00525145272209696,0.028268001148534,0.149418799457619,0.00238692741734563,0.00113967336538532,0.00116651023327474,0.00318612083728443,0.00945849464477247,0,950.049453896551
2016-08-22,10000,0.0648,1.7017,0.000898831022787567,0,0.0187498827685323,0.00288756101343472,0.140284974586064,0.00178641572610744,0.00692736611159085,0.163717967406236,0.111694736597989,0.0302449061157962,0.00433165811527003,0.0296556343047728,0.0498202271576736,0.0215665220846316,0,0.0326039619563925,0,0.132635780994401,0.00198054282144753,0.0151858963459146,0.00294340194261909,0.025300585821125,0.00237057475975743,0.00181957133870571,0,0.00387244548993475,0.104256574094998,0.0047686121950443,0.000938912085878466,0,0,0.00142226592045802,0,0.0435483390195772,0.00417301363674987,0.00238395074926957,0.00283522103695407,0.0267521711922708,0.00192244903071604,0,303.913468505503
2016-09-11,9790,0.0477,1.3351,0,0,0.0108042337980362,0,0.12053858492083,0.00454886120733362,0.0101500195966277,0.191515285707725,0.110873831458254,0.0180259446175174,0.00596385419088344,0.0926312877001785,0,0.0343767786372241,0,0.0650916247475885,0,0.0638815272077689,0.0139284548276558,0.0322238779937867,0,0.0659989295758703,0.00670021626976557,0.004560497900372,0,0,0.0687267738283751,0,0.00779205049690338,0,0,0,0,0.0651545064989471,0,0,0,0.00651285881835693,0,0,280.213257950089
2016-10-02,10000,0.0519,1.3996,0.00248196165074503,0,0.00679268904013474,0.00134906716874999,0.120317271305772,0.00436217511057735,0.00717711019948789,0.157886282977724,0.132805403399895,0.0135513150969978,0.0080984573364943,0.0945695031202443,0.00423848175399391,0.0225249925712735,0,0.0312212311640674,0,0.0606945482069055,0.0155250019683493,0.0258873544816077,0.00191619145932056,0.0676580952804029,0.00553876831729257,0,0,0.00222262781392197,0.100700599514472,0.00754854216356158,0.00318294317670416,0,0,0.00217927178259164,0.00157604151050189,0.0777688073156315,0.00541982454923329,0.00346975935419118,0.00250414180961038,0.0045392674039837,0.00314325108031697,0,168.882172619455
2016-10-22,9890,0.0466,1.3841,0.00158127741099864,0,0.00713142127323784,0.00119135681954868,0.0671668914207327,0.00270425166326341,0.0229452511168793,0.194420447900366,0.0634519952314663,0.0109546508007011,0.0125165406100839,0.242691469524906,0.00579129138304947,0.020966404802992,0.000942948906459262,0.0305794450787667,0,0.0423637466364069,0.012588841523904,0.0150912052573579,0.00118092818122455,0.0405450269778215,0.0106966600095875,0.00194051561166083,0.0015220176915439,0.0020199635872837,0.0587452960943958,0.0355637575146906,0.00744463710252333,0,0,0.00611282255085107,0,0.0431131443209139,0.0245481286161878,0.00464086159443348,0.0017952311529139,0.00168042486996222,0.00256273730154939,0,88.6933152977413
2016-11-15,10000,0.02,0.6473,0,0,0.0109466558408706,0,0.0841385819629282,0,0.0104932593677292,0.261371220904379,0.0719016707792327,0.0146810057748812,0.0237194460693137,0.165008629102758,0,0.0312873073709032,0,0.0494754465303195,0,0.0451550630395551,0.0124661015721691,0.0216150115509087,0,0.0485371618186001,0.0135572148696405,0,0,0,0.0510639716619273,0.0167506694440232,0.0132782891884915,0,0,0,0,0.0440884919051732,0.0104648012461961,0,0,0,0,0,38.3887548025157
2016-11-26,10000,0.0386,1.3106,0,0,0.00945809459278269,0,0.0589800463229197,0.00272010192653765,0.0090289406786932,0.242629767787469,0.0544870457278718,0.011996345398409,0.0173817709550815,0.175504424946366,0.00238979994937653,0.028805003554527,0,0.0550088303130799,0,0.0607505000741098,0.0101086978199145,0.0257838690496781,0,0.0505509223089964,0.0117212557008344,0,0,0,0.0566797395915767,0.0303949366908219,0.0143062794119818,0,0,0,0,0.0468778102476483,0.0192063552135603,0.00522946173776473,0,0,0,0,60.4042134391425
2016-12-03,8850,0.0409,1.3647,0,0,0,0,0.0839751775700868,0,0,0.279057977878384,0.0568573808881987,0,0.021210894045665,0.218570253474975,0,0,0,0.0795949966001293,0,0.0607963127273773,0,0.0181503652490237,0,0.0553559016223716,0,0,0,0,0.0479252792837516,0,0.0255842378276803,0,0,0,0,0.052921222832357,0,0,0,0,0,0,52.8515678564685
2016-12-15,9260,0.0412,1.3553,0.00494936338382151,0,0.0267516430767516,0,0.0751373840426686,0,0.0130676919659438,0.23781026498885,0.0612930280504388,0.0165839489982256,0.0254053411814541,0.157957132494019,0,0.0258620940439644,0,0.049782923023483,0,0.0690437248922088,0.0148624132711037,0.0285479656436616,0,0.0495540595583578,0.0167177708324416,0,0,0,0.0424778379685729,0.0118082725514913,0.0278316757669539,0,0,0,0,0.0367285046789375,0.00782695958665018,0,0,0,0,0,37.2027694919453
2017-01-15,9920,0.0447,1.3172,0,0,0.0122692657901783,0,0.0624668828463816,0,0.00759577228354967,0.222901814147487,0.0338682957594724,0.0113741528066552,0.0178615504369161,0.278709054297016,0,0.0163798558548711,0,0.0774910764463671,0,0.0382079441891885,0.00709984610893947,0.0187264345525044,0,0.029701303983988,0.0173225435013801,0,0,0,0.0452591650134553,0.0268051719627751,0.0062949006674141,0,0,0.0174875053144913,0,0.0215446551452881,0.0260079339973456,0.00462487489433503,0,0,0,0,54.9102701110807
2017-02-17,9750,0.0453,1.3939,0,0,0.00709562426659588,0,0.0487650506311563,0,0.0071340192141325,0.185806678549125,0.0386976430574114,0.0131020912371538,0.0157392006555895,0.196159195302955,0,0.0165075791438509,0,0.0857621403725684,0,0.225224229618414,0.00710876121212622,0.0287489202800381,0,0.0345654161846468,0.0120811173186515,0,0,0,0.0366128679393986,0.00385396943021388,0,0,0,0,0,0.0294245893600439,0.00229464456892274,0.00531626165700557,0,0,0,0,69.0240713461585
2017-03-15,11820,0.0595000000000001,1.4564,0.000818658241588496,0,0.0129592607471138,0.00231600787796425,0.0890700412232965,0,0.00631538470096039,0.193631299505786,0.110332005440375,0.0262326885874011,0.00545297892524239,0.114995585481113,0.019458365112443,0.0164992372845558,0.00338099570784089,0.0243493752691804,0.00152591687719601,0.0451133009638793,0.00118027984103354,0.00761260465800497,0.00264571867558374,0.0305494774615118,0.00444170277084952,0.00258691702583001,0.0016950684249946,0.00441206889095412,0.114420903926743,0.0281135347491081,0.0027408731494138,0,0,0.00225128671607609,0.0012057234797196,0.0708747989528262,0.0183125117592327,0.0025416860528937,0.00188637113747473,0.0191105869008979,0.00394826101376429,0,260.588341068585
2017-03-30,10000,0.0518999999999999,1.3795,0,0,0.00495066989433472,0,0.111028416968841,0,0.00810530893141206,0.221735343422116,0.119132987356895,0.0277647582401823,0.0070445340835064,0.112968402376372,0,0.0281631369345486,0,0.0478889069041853,0,0.0527513933140532,0,0,0,0.0272907753909126,0,0,0,0,0.112785166003112,0,0.012094018875648,0,0,0,0,0.0849220190185668,0,0,0,0.0213741622853132,0,0,172.508916204617
2017-04-11,10000,0.054,1.5332,0,0,0,0,0.0817523272848566,0,0.0143385901489493,0.262018531435441,0.0721934139132453,0.0163612545387186,0.0160108249900384,0.146950215930436,0,0.0358314298527285,0,0.0651898662123628,0,0.0320228306825087,0,0,0,0.0250760152878983,0,0,0,0,0.101362096374272,0,0.0291690098383527,0,0,0,0,0.101723593510192,0,0,0,0,0,0,88.3723433518347
2017-04-24,10000,0.0966,2.48,0.000615116397188815,0.000232777788587096,0.00425926365058992,0.00326491123918546,0.155000408325897,0.00109704477108358,0.00824534334237951,0.195600109862722,0.159121518235552,0.0196336718645675,0.00382549279444661,0.0430969254940885,0.0153142834639837,0.0240556061962585,0,0.0211295527519339,0.000437953550716886,0.0377503547384634,0.00239270806774514,0.00464134823119849,0.00313792585689068,0.0204748159706595,0.003202589000418,0.0118175264873125,0.00324623786191891,0.0059863058458004,0.115753500747269,0.00795240941209265,0.00841729828636422,0,0.000166866078813794,0.00353973387436407,0.00380601211804891,0.0680245332649384,0.0050227470665537,0.00324390333044447,0.00381452652130268,0.0182291005275891,0.00274412904046621,0.00591336544270526,523.062401791898
2017-05-02,9770,0.0642,1.885,0,0,0.0131142565546835,0,0.124929946638257,0,0.0122939806350983,0.226895007863588,0.0780827945903418,0.0161798914382446,0.0111088577334788,0.0658743734075044,0,0.0374119890543015,0,0.0871370806710039,0,0.0476914172226623,0,0.0126433093659161,0,0.0253964209799839,0.00929490225802514,0,0,0,0.0858559115039939,0,0.0148176886457324,0,0,0,0,0.123604145958523,0,0,0,0.00766802547866114,0,0,184.963752867445
2017-05-08,9830,0.0444,1.239,0,0,0.0124968657330798,0,0.0798493558833676,0,0.0132446372346387,0.24055423595357,0.0479831795302718,0.015972166864118,0.00997526408354084,0.199214502157212,0,0.0425773649754423,0,0.0720959443850232,0,0.0509097379365409,0,0.0188003457727812,0,0.0323699610528677,0.0147781802969233,0,0,0,0.0579333123948689,0,0,0,0,0,0,0.0912449457457537,0,0,0,0,0,0,128.647141452109
2017-05-17,8820,0.0673,2.0017,0,0,0.0164042671428845,0,0.0750749276788597,0,0.01280242075129,0.263343974826029,0.0564179198271629,0.0188149459523652,0.0123841125074787,0.146999830699251,0,0.0503268383177841,0,0.0679566314724431,0,0.0414877962328834,0.00826150579229889,0.0193793994106414,0,0.0466049143475103,0.00856105652928746,0,0,0,0.0545381169896852,0,0.00905909754163748,0,0,0,0,0.091582243980507,0,0,0,0,0,0,175.205156723454
2017-05-29,8800,0.0535,1.4622,0,0,0.0212714335947029,0,0.0646139694471953,0,0.00660742758650317,0.196571540611583,0.0568817957655681,0.0224304486249586,0.0081969237080071,0.0746193352165268,0,0.0375449729975411,0,0.0814903216909606,0,0.170106998526065,0.0250539175607793,0.0459684440761058,0,0.0669470783742983,0,0,0,0,0.052347708889319,0,0.0129012915497633,0,0,0,0,0.0564463917801221,0,0,0,0,0,0,232.695013369685
2017-06-05,9840,NA,1.1146,0,0,0.0128297432329149,0,0.114465530002037,0,0.0115276122047005,0.213781085861703,0.113057651261601,0.0158175444174477,0.00402713496101287,0.123706516454635,0,0.0327179391204915,0,0.106239255863865,0,0.0495108548969484,0,0.0130765524052907,0,0.0173399660368686,0.00898085489925251,0.0141404348537845,0,0.00701487836351667,0.0648874656432026,0,0.00563161009572513,0,0,0,0,0.0594996992372832,0,0,0,0.0117476701877199,0,0,377.186127111766
2017-06-19,9900,0.0424,1.3863,0.00130456664918718,0,0.00920665720040945,0.00140258625634032,0.11545480562227,0.00100661546857934,0.00958159083305103,0.220770679552428,0.0806036449133798,0.0127713309695953,0.00760824326754143,0.0953514448869669,0.00444207281764127,0.0397512017346334,0,0.036182984692931,0,0.0502588407657686,0.00567020041922133,0.0203712911211545,0.00103262960213342,0.0360863690694128,0.0147060841489846,0.00336312888437181,0,0.00454366796256494,0.0934120598847979,0.00501214260265975,0.00202791646323544,0,0,0.00290180115016548,0.00191067933816317,0.103797916240605,0,0.00457943154845741,0.00294480355766316,0.00502978010036895,0.00303262299767111,0.00388020927764626,217.369452676733
2017-06-29,10000,0.0269,0.6854,0,0,0.00734899405978528,0,0.10018341952365,0,0.0074475853248043,0.240791427844446,0.0811673803375959,0.0190913340700992,0.00914311342407057,0.161482470551269,0,0.0279019386521923,0,0.0669600528609478,0,0.0872487636947161,0.0177342164275144,0.0289798635151614,0,0.0551862857851236,0.00897234499788889,0,0,0,0.0381170361567542,0,0,0,0,0,0,0.0422437727739812,0,0,0,0,0,0,223.524908179079
2017-07-07,10000,0.0436,1.3123,0.00176311484962618,0,0.00789612853846943,0.00192436054588591,0.129591843830273,0.00432930719322428,0.00946157608744497,0.203341777905613,0.129423984937869,0.012346733181511,0.00962308167206414,0.0939681021902975,0.00342884676329635,0.0400993286153261,0,0.0427786791149185,0,0.0330494246553954,0.00995632518643725,0.0282112724649225,0,0.0593728888792343,0.00570038742987635,0,0,0,0.0669745748619191,0.0047324759922263,0.00602577969016376,0,0,0.00162980639505626,0,0.0806293840134615,0,0.00432041793700043,0.00281980877556319,0.0020025979514885,0.00459799034143569,0,150.924301915986
2017-07-11,9910,0.0404,1.1365,0.00276755864555986,0,0.00521700595438542,0.00108232331904492,0.0717712253338725,0.00165246654540479,0.005896249687627,0.151832608503817,0.0543345520498494,0.0104413578721526,0.00792510268587626,0.172585378975908,0.00209956161802658,0.0711837255391577,0.000890314599713608,0.0319613212505759,0,0.0538732558780609,0.00699226256980735,0.0256093991033731,0.00179234171923476,0.105872191893871,0.00831676497447343,0.00150694888121306,0.00309402359398857,0.00212496352490993,0.0632955121479243,0.0213937756124462,0.00782947778031233,0,0,0.00453584516347337,0.000847536195568134,0.0712130566964171,0.0167670414478822,0.00280592250284245,0.0017762415560968,0.00218738226788057,0.00483924589954089,0,213.023622411113
2017-07-17,9800,0.0392,1.1774,0.00174343163556863,0,0.00630506625321663,0.000966507629697378,0.0947958557502086,0.00230011541452005,0.00685232367718989,0.197512893370158,0.0879443782711594,0.0105241103841355,0.00926674058394989,0.177188850429563,0.00266552440686974,0.030321064644214,0.000677870014540567,0.0319277970670096,0,0.0398821820841327,0.0126588063982888,0.0270359259208409,0.00107591915075577,0.0496132098117053,0.00840805089289025,0,0,0.00201493402561135,0.0733846385710987,0.00335550099812834,0.00438931271521151,0,0,0.00212274050017291,0.00170399161066838,0.0992583630726691,0,0.00384957705582334,0.00465226084658514,0.0024087974600475,0.00319325935336976,0,193.686615497337
2017-08-04,9960,0.0415,1.256,0.00226436397547342,0,0.00906661298018635,0.00128101834601893,0.113970524767442,0.00458565666998735,0.0073375093960912,0.20089342068813,0.116597981699374,0.0135135314469292,0.00845334463836851,0.121208864424311,0.00269130699440923,0.0358282551819269,0,0.038697375503542,0,0.044546747807731,0.0133439019005034,0.0402024548893345,0,0.0608072132844509,0.00680399882932942,0,0,0,0.0650608104484343,0.00402649406528817,0.00290517033249599,0,0,0.00220342774449137,0,0.0712291942654685,0,0.00295316979685911,0.0027789640965608,0.00243917535978143,0.00430951046708085,0,173.884507059727
2017-08-08,10000,0.0422,1.2638,0.00203923195811536,0,0.0116343029977208,0.00128750579232442,0.101664781453064,0.00407624416140627,0.00740352187791373,0.204731765429217,0.1062139333106,0.0168104209047431,0.00937092083117225,0.126488510768675,0.00290582711252503,0.039678283870747,0,0.0378078153650571,0,0.051976971653059,0.0178133194130355,0.0437406149835972,0,0.0630711344950309,0.00646617664680921,0,0,0,0.061926722927388,0.00333353188894987,0.00615174335661443,0,0,0,0,0.0603742764024398,0,0.00376349134573798,0.00292069205139468,0.00298474462015117,0.00336351438251169,0,143.976687447194
2017-08-15,10150,0.0493,1.471,0.00129667904898182,0.000236631709297441,0.00363510375431161,0.00108439032517189,0.102878659955532,0.00161569819314471,0.00657296907139662,0.183696812428034,0.0787056704821657,0.0121825387987083,0.00722696433583102,0.0711146920191446,0.00450164342122665,0.0332520799500032,0,0.050836414588797,0,0.0376667603977477,0.0104519012491995,0.0343005685935876,0.00208738763070024,0.0697296156335128,0.0039436397898679,0.00114824859994187,0.00166321742729984,0.00367766246800886,0.107895540494626,0.00328051010161537,0.00497975683911734,0,0,0.0043341927176466,0.00377368701700244,0.130499913549477,0.00072894783143366,0.00228214022009634,0.00598991882309098,0.00541153474135278,0.00636253835581057,0,321.867430733901
2017-08-21,10000,0.0682,2.0252,0,0,0.0117411302549855,0,0.143289057283875,0,0.00623305089807193,0.178465512082998,0.0652709958224237,0.0231450421700063,0.00734725625409661,0.0637521121578224,0,0.0402098087391413,0,0.101275855784279,0,0.0647745283589722,0.00668774725668372,0.0303904638094832,0,0.0629327077206285,0,0.0107684975554356,0,0,0.0529023555884484,0,0.00931812672852478,0,0,0,0.0146154986261997,0.101852133986374,0,0,0,0,0.00502811892154963,0,310.941069361786
2017-08-29,9920,0.0433000000000001,1.2365,0.00123101828458521,0,0.00702586609360319,0.00137238332211294,0.11509665988422,0.00269819232425705,0.00576340223249753,0.176031651794283,0.0911899161584279,0.0195719382062988,0.00660569535913277,0.0703010872948086,0,0.0331869138522321,0,0.0439669138067196,0,0.0478842413001174,0.0236666265983864,0.0426329507834257,0.00303435458853837,0.083264882053627,0.00379853556255247,0.00098288114614811,0,0.00314263646646402,0.0883042584566635,0.00209020825089147,0.00415627751470548,0,0,0.00350103849981925,0.00536222881720349,0.0994938553777903,0,0.00230922463016449,0.00305176071243114,0.00314900418478486,0.00613339644310772,0,294.160780365692
2017-09-05,9900,0.0491,1.3907,0.00215459728657857,0,0.0101435656457666,0,0.210237954024735,0.00227395060472471,0.0140563367613295,0.382599316450659,0.0210542267247655,0.0120274666067817,0.0136079637693962,0.24261128266981,0,0.00475122076595183,0,0.0078849210355224,0,0.0116056082632689,0,0.00180697672888356,0,0.00283506046080569,0.0123950340263884,0,0,0,0.0144456576644342,0.00750985952912816,0,0,0,0,0,0.0114188065544617,0.00818134314204419,0.00639885128456455,0,0,0,0,123.434053869581
2017-09-12,9800,0.048,1.2334,0.00119927540525206,0,0.0063178652967274,0.00169919004665548,0.100010193923019,0.00324730756974586,0.00673240903138731,0.17758517846719,0.100380091484666,0.0173164503911725,0.00756013206099583,0.0903154476008769,0.00262907327693442,0.0339883669594484,0,0.0249921334393713,0,0.036932337796886,0.028370634578477,0.030265750272569,0.00122246967646177,0.0833873863601819,0.00512896149014118,0.00148669112178095,0,0.00312676277851375,0.0978564141594332,0.00291505904211797,0.00345738968849523,0,0,0.00281729135189808,0.00205695168344191,0.111446256684259,0,0.0026886758219183,0.00614291640140779,0.00283418040765446,0.00315389218022393,0,278.217275529352
2017-09-18,8960,0.0535,1.4383,0.00335705194368317,0,0.00658912707970279,0.00127333490529977,0.0900997225318242,0.00218795927583963,0.00819668606166473,0.220289481490416,0.085649307309126,0.0157698803326906,0.00852333373491009,0.0961151928749327,0.00305172456609757,0.030687269276536,0,0.0416751621419357,0,0.0499345200422478,0.014406623370629,0.0366514260685212,0.00162610098336894,0.0813727933894799,0.00552448184372837,0,0,0.00216361286724407,0.0809529863450168,0.00452004403763794,0.00394139150781307,0,0,0.00247571161366132,0,0.0888022309744075,0,0.00256030526555537,0.0044608462528089,0.00354496539534401,0.00359672651787669,0,166.486251991719
2017-09-26,9950,0.0277,0.7041,0.00216786484977664,0,0.0065845412912947,0.00154030302694292,0.111361627514483,0.00152309365306168,0.00928717503769039,0.215889704165504,0.0874947573741439,0.0162702380073996,0.00827481200280774,0.0976808560332151,0.00573665994997493,0.0242579973795893,0,0.0400923036479657,0,0.0560930174198356,0.00559887165916316,0.027114460932859,0.00145601482730551,0.0502084323727841,0.00550662602612354,0.0013326531096688,0,0.00321799527113138,0.0936371356367705,0.00296880996550972,0.0028250530827901,0,0,0.00317023095081102,0.00162833687331002,0.0949530547905509,0,0.00312061702784719,0.00540581427075404,0.00817966523975631,0.00398446833739716,0,204.096295086772
2017-10-11,10000,0.034,0.7496,0.00106477761549358,0,0.00209029111021404,0.00171858973759022,0.143466010066313,0.000965323691033433,0.00838895009341829,0.218139744569322,0.139113573389236,0.0229658150748767,0.00689056165659061,0.0692400930981212,0.0128884637301707,0.0247742899672463,0,0.0454716199934474,0,0.0857959507015412,0,0.0107399940797796,0.00366185438809546,0.0168175495561398,0.0118969535668885,0.00123236916872609,0,0.00438222015828308,0.0759381181140748,0.00396160193030053,0.00262452159835098,0,0,0.00182160311900556,0,0.0507536569189833,0,0.00540172510319004,0.00411576695378833,0.0170774802190088,0.00326069063657153,0,199.261903640849
2017-10-20,10000,0.0258,0.6485,0.00127199842373946,0,0.00468193935260361,0,0.0767097381845342,0.000919847485792287,0.00990150893923332,0.251020046925122,0.0597951251653666,0.00872077589541753,0.0135975320681753,0.250570002548455,0,0.0218524826624593,0,0.0533538778733572,0.0149838168530927,0.0282011392271069,0.00249888795649205,0.0119747180103836,0,0.0225507938624704,0.0252737877004278,0.00455303411379132,0.00180269226363234,0.00339302910877627,0.0537102452600969,0.00622666655172739,0.00605583529015232,0,0,0.00101130085928979,0,0.0424829864754924,0.00162924950136817,0.00544007417881054,0.00889973177425267,0.0036932363218377,0.0032238991665427,0,76.2076807056905
2017-10-24,10000,0.0227,0.635,0.00262313035810795,0,0.0135801482911312,0,0.0807649445849354,0,0.0109715820208249,0.229532925986551,0.0555641562907512,0.0131965950628236,0.0196733038061123,0.220509374623741,0,0.0276456549285177,0,0.0423434389950623,0,0.0459913049301061,0.0105837854549364,0.0179814577458804,0,0.0399951409308635,0.0143029523417808,0,0,0,0.0631709220192574,0,0.00971931799705538,0,0,0,0,0.0724980137916101,0,0.0056454982457572,0.00370635159419474,0,0,0,61.9459822484668
2017-10-31,10000,0.0245,0.6479,0.00142482119960911,0,0.00676972871070036,0,0.0769151597930888,0.00234462915253565,0.0120233801972407,0.231922005675885,0.0612485820603943,0.0142025778601457,0.00305846462839855,0.252834601497533,0,0.0242162691766245,0,0.0442559004097107,0.00855705377318992,0.0370974998503022,0.0141811761784728,0.0229877970726362,0,0.0515017506434698,0.0238165975579839,0,0,0.00303204943657542,0.0455599080965161,0.00217667278998607,0.00544988883142795,0,0,0,0,0.0403222765064376,0,0.00583389285649236,0.00308199634932074,0.0025750168834814,0.00261030281184085,0,81.6887954236148
2017-11-08,10000,0.0267,0.6749,0.00284595901864357,0,0.00921539908156747,0,0.0774813879511028,0,0.0137130935335331,0.255079943940756,0.0480028200564419,0.0136983271406991,0.0015862283924254,0.293331291210604,0,0.0169033323240994,0,0.0414573174513845,0.0197876148081776,0.0270980512245974,0.00451957296544188,0.0111563779220423,0,0.024495284803762,0.0303529107030675,0,0,0,0.0194442343157384,0.0182168248796395,0.0193711563968579,0,0,0.011428291331999,0.0141288060597253,0.012916581292378,0,0.00939676819773386,0.00224174094923659,0.00213068404834498,0,0,70.1152492657153
2017-11-16,10000,0.0239,0.6356,0,0,0.0123951408499723,0,0.0582209573398163,0,0.0091124323875479,0.253565024069593,0.0400327969913059,0.00982962338439486,0.0279844468764381,0.345670636329914,0.00389679067084691,0.0143604673313523,0,0.0335618685745765,0.0199177265126291,0.0217759610183197,0.00793052585839068,0.00992581749734791,0,0.0208198377984733,0.0311657227553618,0,0,0,0.0252756280109241,0.0148189542959735,0.00871013395330313,0,0,0,0,0.0166740039025569,0,0.0119189573366824,0,0.00243654625427926,0,0,32.5187213397699
2017-11-20,10000,0.0244,0.6688,0,0,0.00630414262463289,0,0.033816178755587,0,0.00675398624725264,0.207815692111395,0.0197825503976993,0.00495596494791082,0.0198361563054339,0.513914804736541,0,0.00905208863785851,0.0019568211080425,0.0234957442255333,0.0142984643945869,0.0154755933508838,0,0.00434688561191936,0,0.00861076945186845,0.036972343837744,0,0,0,0.011057317344519,0.00710468796200163,0,0,0,0,0,0.0108532532030768,0.0366511962533638,0.00694535849214942,0,0,0,0,62.6830323693582
2017-11-27,9750,0.0232,0.6646,0,0,0.00672446074868115,0,0.0465843928874013,0,0.00683376358222055,0.248188549481579,0.0260993121578923,0.00779029685002781,0.0199660788350395,0.468632636152061,0,0.0128434111122509,0,0.0278739439278677,0.0152561965948918,0.015381839065545,0,0.00575929535213547,0,0.00947832927248277,0.0397719330141818,0,0,0,0.00550625580535607,0.00755102332443734,0.0197244341383971,0,0,0,0,0.00464546462203877,0,0.00538838307551253,0,0,0,0,46.9139983174739
2017-12-06,9800,0.0262,0.7001,0,0,0.0110361217947834,0,0.0784143007735459,0,0.0132839388021939,0.292072343216117,0.0387013903689412,0.011632016039828,0.0229150941433377,0.320128060044961,0,0.0157931514683264,0,0.0475643965271964,0.0175527585935491,0.0202352564752927,0,0.00629300443071164,0,0.0124912350622013,0.0380304205321116,0.00425235907784529,0,0,0.00729666714023385,0.010316183863001,0.0161596355768259,0,0,0,0,0.00595528736258018,0,0.00987637870641663,0,0,0,0,41.5269021905275
2017-12-11,10000,0.0239,0.6013,0,0,0.0158292009809982,0,0.0534840242442608,0,0.00618608270738972,0.257538679059203,0.0471960956333808,0.0122530827375278,0.0254296213527439,0.20076532751665,0,0.0313710249695472,0,0.0629994653428243,0.0296896569447871,0.0355080838963402,0.0175246649180165,0.0260189565584102,0,0.0305932849327572,0.0162105802854932,0,0,0,0.0286235230915345,0.015588671685869,0.0251148013679204,0,0,0,0,0.0290624341806525,0.0233835833742684,0.00962915421942455,0,0,0,0,37.0092696686703
2018-01-03,10000,0.0218,0.6466,0,0,0.0123560715714098,0,0.0744376723406201,0,0.00855781662618295,0.273217409050693,0.0401453892865604,0.0134760929241177,0.0215708603474757,0.301549243595892,0,0.0181829756062306,0,0.0351849408282314,0.0231304791157885,0.037055660990341,0,0.0159946605994679,0,0.0341198102677503,0.0402068207244931,0,0,0,0.0183847347502089,0.0104779852161536,0,0,0,0,0,0.0219513761583835,0,0,0,0,0,0,42.7614681667072
2018-01-09,10000,0.0242,0.6663,0.00258620645680535,0,0.01509339880704,0,0.0695153448106146,0,0.0108077350397004,0.347639691818875,0.0263889173574162,0.0125913550818844,0.0210963823532156,0.312173503823047,0,0.00910894741400574,0,0.0371987935047096,0.0213740289839233,0.019400742006154,0.00446687429427229,0.00828564098876497,0,0.0153715161846901,0.0171232207164864,0.0017138985798978,0.00140491863672513,0,0.0109739292535615,0.0123271223611968,0.00119904052162162,0,0,0,0,0.0086943289453347,0.00233158488627591,0.0111328771737812,0,0,0,0,53.3383227699661
2018-01-22,10000,0.024,0.6519,0,0,0.0144048702906002,0,0.0756020120204659,0,0.00939926323584974,0.292624586406568,0.0394863973306214,0.0135362789095929,0.0236528427983678,0.321391090827592,0,0.0170916114436298,0,0.0308006788610929,0.0208268367282803,0.0365167624347437,0,0,0,0.019739144334033,0.039273597157692,0,0,0,0.014743496775493,0.0112606851507862,0,0,0,0,0,0.00813101416197844,0,0.0115188311326131,0,0,0,0,42.7432273578737
2018-01-31,10000,0.0231,0.6484,0,0,0.0114956210033913,0,0.0812254320026859,0,0.00908793808672604,0.305960517905915,0.0459619933070305,0.0183513973644928,0.0228279214837054,0.244880887675955,0,0.0167058032399634,0,0.034440746999007,0.0190424907045879,0.0286678695014583,0.00858667688693928,0.0169769803482835,0,0.0392010571601274,0.0332383601600987,0,0,0,0.032679715024963,0.00928211437286256,0,0,0,0,0,0.0213864767718072,0,0,0,0,0,0,41.9941842710685
2018-02-06,10000,0.0222,0.6132,0.00142578202627245,0,0.0124290994257637,0,0.0499205443013906,0.00178583457195504,0.00733060922732786,0.244971224393093,0.0471322090013768,0.0148586821309431,0.0147756729055713,0.278038578623683,0,0.0212291156525414,0.00341477548210698,0.0464848412191162,0.0127971288946966,0.021420742146749,0.0178818635031131,0.0227874868975355,0,0.0589752710892975,0.0142185924672184,0.000865630340217428,0,0.00171588313031572,0.0378294129368686,0.00756492927456616,0.00326061831880054,0,0.00298909761451331,0,0,0.034207796357357,0.00200990919490092,0.00863415307334623,0.00704572757696773,0.0019987882223946,0,0,81.283927853561
2018-02-13,10000,0.0223,0.6505,0,0,0.0116706349999397,0,0.070581730103552,0,0.00773595864969778,0.265899808244148,0.0394363057148997,0.0137631240918924,0.0173320618022631,0.294362730340371,0,0.0164011473048703,0,0.0260388699483147,0.0182547117143269,0.0182407576089316,0.00952156895046024,0.0133920452529844,0,0.0298866695892221,0.0323650901769992,0,0,0,0.0239265290191587,0.0120450270180086,0,0,0,0.0178570339760115,0.0196061228896754,0.0184007324420845,0.0155921559201468,0.00768918424204193,0,0,0,0,54.9241520183838
2018-02-19,8500,0.026,0.7064,0,0,0.0184370034557515,0,0.0661136772435214,0,0.0116972398784201,0.213067916653234,0.044531228710197,0.0137695286489801,0.0104424093840356,0.232407002851743,0,0.0189300197809508,0,0.0202606115698368,0.0280936960709844,0.0239962452863011,0.0218374304544218,0.0222085930026598,0,0.0603324487598846,0.0267062153132908,0,0,0,0.0395656705128887,0.0160666616357798,0,0,0,0.0225684899163237,0.0379582951072705,0.0278020744927573,0.0232075412707668,0,0,0,0,0,86.0230401179879
2018-02-27,9950,0.0244,0.6658,0.002662122131089,0,0.0154605062137855,0,0.0774842127714256,0.00123530160514768,0.00681622670825433,0.226840348079843,0.063520086991257,0.0154895641933515,0.0126160049707925,0.201644104384609,0.00596481544768044,0.0242581039399511,0.00292187154398792,0.0301626871192763,0.011927209024587,0.0350641781178879,0.0181920429263,0.0224908789099249,0.000869329129111655,0.0653574389696054,0.0113694110775839,0,0.00271853622538255,0.00190430051494936,0.0630878942044378,0.00646025890738564,0.00157894918570098,0,0,0.00231712930070493,0,0.0545635158614625,0.00124430545482431,0.00376968619256915,0.00232319116926597,0.00670235445458371,0,0,92.586906917788
2018-03-06,10000,0.0224,0.6414,0,0,0.0101546248085926,0,0.0969431608164294,0,0.0109402430296551,0.318341948842265,0.0281459859856552,0.0150260840170203,0.0184212314534817,0.294308872619798,0,0.00938424951566992,0,0.0196742038699888,0.0127854265693925,0.0193965016556216,0,0.00980373871274403,0,0.0187978673132873,0.0316997863814443,0,0,0,0.0213169130815713,0.0081113675861686,0,0,0,0.0125963865152276,0.0109550630442209,0.0127052616282157,0.01089993383836,0.00959114871519024,0,0,0,0,56.7466238914007
2018-03-13,10000,0.0239,0.6556,0.00159864321083362,0,0.0135578810441474,0,0.0894548182877503,0.00157667822605061,0.006315185489959,0.199944220176327,0.0671333503168241,0.0147259262535175,0.0102935365730585,0.0730565124487258,0,0.0228538132291979,0,0.0718845261135508,0.00818866319824605,0.0454362055342158,0.0130121965167315,0.0330799068022828,0.00136067012720282,0.083809253994971,0.00547167290160486,0,0.00118708697462805,0.00241765755045236,0.101974031717513,0.00475304028740769,0.00373883225867862,0,0,0.00287704652875208,0.000533071522006011,0.0941964043533268,0.00121869392060289,0.00346520425736982,0.00594624468400841,0.00759706900457247,0.00576181217168179,0,126.849618613809
2018-03-20,9940,0.0785,1.5852,0.000619813234421177,0.000280656803110822,0.0112786988281955,0.000579271662665102,0.132578110314583,0.00142716507299642,0.00765121481348987,0.213600365021729,0.170253709587729,0.0242176024897408,0.0025006374177276,0.0248373388736189,0.0185365104590879,0.0229740538624398,0,0.0432265900898471,0.00242503501933792,0.0453440493415551,0.00192196024019504,0.00754446210433988,0.0027963975402042,0.0362063593670062,0.00218673651838226,0,0.00638146751722399,0.00288835794517428,0.129089965938303,0.00252025381934459,0.00154353403284827,0,0,0.00256397784982986,0.00130854042583526,0.047205987620932,0.00134736163273516,0.00201866047589453,0.00291803411997384,0.0225704562828834,0.00408677721605161,0,859.913885600315
2018-03-27,9970,0.0622,1.5467,0,0,0.0189511468509969,0,0.132330688069905,0,0.00787809215739033,0.228125099866149,0.127405428046628,0.0223343018996903,0.0063332475717335,0.0666837365154439,0.0123390559452886,0.0306822788085848,0,0.0273547708062009,0.00389588593891763,0.0340595518496003,0.00252856029222855,0.00536494137648054,0.00369189966174871,0.0218261085045111,0.00637987773665751,0.00219954064396602,0.00139712643052342,0.00469247903429515,0.113314378793342,0.00370586828256931,0.00415200900060002,0,0,0.00352426982335537,0,0.0819592618467881,0,0.0028430175580724,0.00291796820099001,0.0169113051739821,0.00362375435308045,0,144.998588366759
2018-04-04,7340,0.0516,1.3597,0,0,0.0136946574555479,0.00173377924954539,0.122379333923571,0.00358098034612852,0.00924163208732248,0.228823302672128,0.122895249491707,0.0238883119545231,0.00771106008566684,0.0608854646212168,0.00915470119998066,0.0385902354369477,0,0.0468159302938166,0.00607294703417708,0.0451353516555866,0.00337569559621339,0.00863268820034734,0.00133855874519919,0.0155563011620896,0.00465165128162685,0,0.00139614165838142,0.00361754405205318,0.108213949217503,0.0032905616719965,0.00369418723255185,0,0,0.00425651591657226,0,0.0752677068070673,0,0.00354164680550902,0.00572638198900977,0.0151340537571052,0,0,190.473033808499
2018-04-12,10000,0.0672,1.6129,0.000914317365075556,0,0.0191476999612357,0.00364968662775282,0.125600227417684,0.00574253816683594,0.00838675560853881,0.228099207481233,0.122307055281607,0.0290204217063119,0.00689568859692398,0.0744931142657549,0.00502155375049731,0.0302298114478183,0,0.0377664536596831,0.00489868242429193,0.0537825052148479,0.00263311731600413,0.00740321644336009,0.0026847555218127,0.0159192151578022,0.0083933020914708,0.000659478023290254,0.00124910525056266,0.0051662981441944,0.0959447858225588,0.00462808635575628,0.00390029010544301,0,0,0.00371355289761124,0.00229844867398973,0.0609557342769729,0.00188617840881414,0.00477536905255524,0.00481738991249648,0.0142820672657201,0,0,184.939397953838
2018-04-17,9800,0.0487,1.3454,0.00145366059040934,0,0.0101688670508597,0.0108138626943093,0.0752136096496194,0,0.00851001357113929,0.243128678962658,0.0656148163725123,0.011032159157786,0.0131077999579796,0.075317077488216,0,0.032862694670119,0,0.148044152099055,0.00737690999285741,0.0899990436427731,0,0.014805180637965,0,0.0122534660971231,0.00709972775738122,0.00140341491609339,0,0.00464838899194196,0.0783088155439206,0.00510385356085214,0.00254709210636425,0,0,0.00305662918580437,0,0.0603265429785794,0.000964131208111033,0.00414944638327691,0.00364355596720219,0.00725818296675736,0,0,99.039699632013
2018-04-24,5000,0.0273,0.6693,0,0,0.0109515548090379,0.000742329721132996,0.12935411968563,0.0013979879898356,0.00728891959185409,0.17830360563471,0.0471005296554779,0.00708176010411333,0.00337743163907659,0.0569177397190108,0,0.0279673768749926,0,0.075345115463916,0.00732475429135912,0.0517014628798137,0.00350332853191857,0.0207489599317878,0,0.148622080755709,0.00495014947889485,0,0.00975188656989483,0.00361063229555233,0.0624739600893429,0.00288760036416003,0.00225827183667421,0,0,0.003355238315571,0,0.125366829491161,0,0.00179751634335739,0.00155329903927238,0.00426555889674283,0,0,187.213785227156
2018-05-02,10100,0.0534,1.3513,0.00218757795383742,0.000503874175418659,0.0153017348800778,0.00141923782781544,0.105248752935834,0.000965933669448647,0.00887890508474545,0.20595211617053,0.0870492837726533,0.0152574537200447,0.00813277274065848,0.0576307654328292,0,0.0565874127925234,0.000536300006163098,0.085677867398753,0.000265080373680423,0.07628602118901,0.0065893136868362,0.0247435936971159,0.00139945969377214,0.0470811133670137,0.00444849912231508,0.00268275275102439,0.00147618368089522,0.0046155327989647,0.0731142808837114,0.00375840826436344,0.000726947464901331,0,0,0.00363850407299203,0.00154395678126012,0.0794027987314654,0.000987150185975523,0.00303006266211989,0.00236377911876521,0.00714837110160059,0.00221920964750427,0,313.762625284543
2018-05-08,10000,0.0512,1.3265,0.00128495937088061,0.000463901468631881,0.00977167375520574,0.00107377151783535,0.125917439497504,0.00107194963177545,0.0104474567643037,0.202359283408416,0.103054915507379,0.00874701006230443,0.00551540348274201,0.0742366333500907,0,0.0365535844615828,0,0.064569647470154,0.00713642400428762,0.0760722225579568,0.00322973023441444,0.0227296901288332,0.00170048063002573,0.018311133352738,0.00558483547776337,0.00392983388140332,0.00130510049976982,0.00846999476055856,0.0914881640778724,0.00525183826481005,0.00287130125021559,0,0,0.00394519292904239,0.00228040884854799,0.0811862837042716,0.000823871612079176,0.00298504218564294,0.00220206677832049,0.00878720431504221,0.00317096246900234,0,345.971127303169
2018-05-15,9950,0.0518,1.3677,0.00213658215076641,0,0.0167854774017237,0.000409728754216991,0.101346383374891,0.000428448195332928,0.00857662824959555,0.208121399693343,0.0676530083574032,0.0175565718795738,0.0108260328318881,0.11927978630993,0.00860627019506848,0.0319609765288096,0.000855545811153079,0.0472054892830155,0.0100438176260231,0.0535170237517728,0.00809305874189892,0.0262685780855602,0.00134779802733246,0.04855922580678,0.00793138070672528,0.000719539952638823,0.00831878233522136,0.00362151394140633,0.0809935635382545,0.00624798699739271,0.00344594904032962,0,0,0.00165157780392451,0.00024066325987658,0.0771030908586086,0.00071812349854259,0.00461598919478066,0.00349813469837791,0.00972577982548824,0,0,112.323576702399
2018-05-22,9600,0.0431,1.3015,0.00214299453580829,0,0.0115332597303134,0,0.105886230130756,0,0.0124123471921147,0.258026828714534,0.0724264237751829,0.0115684160161804,0.00693227112611805,0.092722102383799,0,0.0369214942112074,0,0.0323726217862184,0.0148734154503831,0.0508476027876328,0.00593128436135531,0.0239552832811701,0.00152441915934668,0.0375935918726648,0.00643226729954431,0.00180718950024583,0.00189523896396453,0.01080338847926,0.0736122761728514,0.00527196281269468,0.0014985504610595,0,0,0.00350155218102935,0.00298671189343013,0.0962458822989887,0,0.00416971020324533,0.00359050694035917,0.0065711066504809,0.00217756875120692,0,197.589548949149
2018-05-29,9650,0.0423,1.2276,0.00131150121450592,0.000425239602740159,0.00979832803512487,0.00064739859012278,0.0604946401222906,0.00102086772361389,0.00636668759888326,0.207608837758264,0.0513598496231229,0.0135429058914931,0.00865833447229382,0.18152801689783,0,0.0319137369209417,0.00128100993542436,0.0614015656327264,0.00592950046354059,0.0953869688812794,0.0102458208837208,0.0450608189057059,0.000958250457091826,0.056250826553849,0.00900161898819789,0.000712488681202114,0.0127928732644613,0.00170373527348251,0.0466244407198175,0.00405920225725459,0.00122665935806309,0,0,0.00153115597825919,0.0018948235016727,0.0571206565601516,0.000746733728087532,0.00343667452013724,0.00306103007050431,0.003175159710612,0.00172164122353093,0,213.360339429644
2018-06-05,9000,0.0451,1.2417,0.00133267739238637,0.000656934813420868,0.00868222336099202,0.000891415609043011,0.0956650159302372,0.00108589501929458,0.00896160524660949,0.228378983345599,0.0858508532158889,0.0149872134381616,0.0195170663619607,0.0584584807544559,0.00379205297188386,0.0284403772469995,0.000126937142723785,0.0482919226911377,0.000257062471247704,0.0581323305966342,0.00527334667848117,0.0292828531834463,0.00246933598234179,0.070712769495501,0.00362912302670496,0.00158475007678381,0.00754846632036769,0.00419360846825632,0.09935098361765,0.0070008581186753,0.00326456983098363,0,0,0.00298678994983053,0.00140668524932205,0.0778908045953521,0.000778139025760231,0.00315799568411659,0.00526872072347552,0.00628723906384614,0.00337593298485993,0,394.4376201349
2018-06-11,9800,0.0424,1.2798,0.00205613328888212,0,0.0106921010926386,0,0.0767523836666113,0.00088578790515621,0.01099682405121,0.240449916705591,0.0791527196840349,0.0138368343894367,0.0225070570227902,0.110993356724979,0,0.0410901303499849,0,0.0519548436080977,0.0108903424985132,0.0685063655889321,0.00872176307840489,0.0286810106425094,0.000527906234632066,0.0514849437926713,0.00804961949049821,0,0,0.00464997618816047,0.0712769171328808,0.0105296291239469,0.00231422070307873,0,0,0.00105559718706842,0,0.061083025877515,0,0.00430862813561577,0.00376056084427635,0.00114030452710768,0.0016511004647762,0,92.9863553105293
2018-06-18,10000,0.044,1.2833,0,0,0.00631542047143184,0,0.0582528244401108,0.00144854868805454,0.00591188592520572,0.319125390816078,0.0505995850817714,0.0145413747901071,0.0095089505819127,0.247952475542572,0,0.0195476067324136,0,0.0319573823490723,0.00715202233198793,0.0220570472983934,0.0186789654278919,0.0225442043124086,0,0.0441063064694905,0.00655621978143459,0.00073529793970598,0,0,0.0442534649111205,0.0046800476289599,0.00257380202655795,0,0,0,0,0.052322228535223,0,0.00269629400730323,0.00416238530287701,0.00232026860791524,0,0,144.67354209428
2018-06-26,9950,0.0434,1.2755,0.000949393675989207,0,0.0104509987783701,0.00117825487177848,0.133968896939794,0.00506252505536703,0.00824541245252504,0.1992863295785,0.157925815770176,0.0181310330402169,0.00833766345000846,0.090682757269032,0.00400794236520223,0.0341132840800336,0.00066651374710573,0.0289034004940266,0.00785239672488845,0.0329348399658071,0.0198441636783146,0.0240648664177903,0.00177563933557817,0.0502169550057213,0.00508679541057603,0,0,0.00172620844381181,0.0683280819046685,0.0057067293184095,0.000995734970776338,0,0,0.00204395288019604,0.000978309114527884,0.0619154532119154,0,0.00486829824813766,0.00351721505588317,0.00543981315458787,0,0,245.415087015895
2018-07-11,8670,0.0393,1.2683,0.00117088312821241,0,0.00715895018810158,0.00104441852878814,0.18272903274204,0.00635519748621682,0.0114072193068852,0.224829049855969,0.164880075505029,0.0146612818578947,0.0104428665017581,0.0750594325058589,0,0.0293446567363875,0,0.0319977585308703,0.00818138741245637,0.0343012046417333,0.0115793722464693,0.0235086002966628,0.000809528158253462,0.0303634952943139,0.00467058089709765,0.00134944960382448,0,0.001417808635436,0.0434047317347711,0.00550190014474859,0.00149543965796338,0,0,0.00194366778954975,0,0.0551516609280939,0,0.00526099160522707,0.00474256161533766,0.00187738571956584,0.00226081334027117,0,181.290238515342
2018-07-16,9600,0.0412,1.2183,0.00146766927184109,0,0.0104263540350568,0,0.115291036133496,0.00364416494264664,0.00919358327902759,0.233941087012368,0.0914422112076594,0.0180287489579132,0.0111342875121609,0.0955544071961374,0,0.0288018444583768,0,0.0543501315081782,0.000482749638915885,0.0848438524918873,0.0179935101041549,0.0357986705673704,0.00115394677968517,0.0587075824786424,0.00548772133859633,0,0,0.00167999194291381,0.0459928364488093,0.00525402716858006,0.00239202730445181,0,0,0.00113258108924618,0,0.0530996059705967,0,0.00527756902874026,0.00189426217363146,0.00219873924651076,0.00191447002430053,0,142.834443682936
2018-07-23,9800,0.0435,1.2118,0.00177647540879728,0,0.0117425944687443,0.000752110393043631,0.105837503650113,0.00282074571147843,0.00830710782765674,0.220380598474615,0.0925062370124918,0.0169598070957588,0.0116026382656905,0.153818086312586,0.00165853410401286,0.0403754320525032,0.0015928782049175,0.0392051940031253,0.00763986986981178,0.0301192542658445,0.0186705488416753,0.0299880821155381,0.00143074587136475,0.048423974418519,0.00907532799557447,0.00245718771676296,0.00264079444995468,0.00221889758146082,0.0534482932110668,0.00488319933093527,0.0022981799921671,0,0,0.00309001482579297,0.000242080520555718,0.0612281855698292,0.00111007408718353,0.00358877822745112,0.00187838707714245,0.00383242725393093,0.00183984362445347,0,112.171336010484
2018-07-31,9750,0.0455,1.3029,0.00133661590556147,0,0.00649461577808483,0.000722688340455584,0.121972423635346,0.00055581825472702,0.00946963128758246,0.219429382200655,0.114681707393081,0.00736658994367984,0.00819903798454087,0.0680642295824159,0,0.0341942321560626,0,0.0600816061469011,0.00467039093734959,0.046240099259642,0.00262724506938797,0.0156138210035872,0.00193415170202602,0.0295888361210522,0.00474263744014027,0.00257882646635666,0.00187015310108018,0.00634181265270224,0.0987464948997782,0.00473553681797803,0.00170681184680361,0,0.000670551320811849,0.00575392281538958,0.00263119636637242,0.0930662430855703,0.00139492747016157,0.00335541989518204,0.00727143246487358,0.00721472964477431,0.00371955183455681,0,282.47125420073
2018-08-09,10050,0.0411,1.2556,0.00204578339137826,0,0.00956210171064778,0.000660671155728287,0.0985865391480029,0.00209455202002459,0.00879155645956399,0.229042163036402,0.0849307159833427,0.0198794600152684,0.00959423757691399,0.134224092830967,0,0.039232617589255,0.00076618283588518,0.0366708057119367,0.010548948823884,0.0387553874903738,0.0214891498610532,0.0351523601125894,0.00209121738817152,0.0522003928949399,0.00690626901400685,0.00123221140934623,0.0010501778883802,0.00297849914478833,0.0522990836509602,0.00418614514735337,0.00301925658277064,0,0,0.00201994482378468,0.00110374278405304,0.0753952978632354,0.00145030984158586,0.00400709199452756,0.00327337695389343,0.00284937234264897,0.00191028452233644,0,166.177586486506
2018-08-14,9900,0.0442,1.2883,0.00234758753714617,0,0.011390360927267,0.00102467171100961,0.123985790128288,0.00439964138644777,0.00866573982448469,0.226434228134433,0.105998072025694,0.0309672361951875,0.00868637624400858,0.0674586913431704,0,0.0432372104857831,0,0.0311017639684976,0.00672620686209994,0.0350931752980361,0.0337733443547859,0.0487014039160212,0.00186580172545624,0.0680676519523684,0.00449314480915681,0.00181710944909709,0.00115173123468194,0.00220238799116095,0.0469034781764062,0.0043346817091122,0.0033231685608779,0,0,0.00245096774131017,0.0012336917510699,0.0604005738075552,0.000873909620018166,0.00370531822928204,0.00179637026636691,0.00150031177152777,0.00295423059608389,0,186.141435137679
2018-08-21,10000,0.0426,1.1964,0.0014480456785981,0,0.009511374198956,0.000906509197993276,0.0900541012322294,0.00304194544141867,0.00798725219241732,0.235416603466179,0.0876539319813304,0.0221586862734283,0.00951518424066047,0.105117645198884,0,0.0492184023420089,0.00121298107326198,0.0440415814594504,0.0105079059711273,0.0495690751479819,0.0338006877500202,0.038115470694353,0.0016337153393871,0.0735115401681452,0.00585245575008632,0.00204211607509128,0.00054855261696801,0.00173650715146775,0.0423630159115335,0.00422710031590675,0.00538150169585618,0,0,0.00200666448705339,0,0.050602615079993,0.00097022583672494,0.00360202824291731,0.00143653159579083,0.00233093662464069,0.00247710956813855,0,181.148089906969
2018-08-29,10000,0.0565,1.3709,0.000769209806314948,0,0.0155724511430374,0.000683386716689112,0.174143194433455,0.000884448075361739,0.00894047682847432,0.191675690993196,0.138934498451728,0.0289794099131849,0.00471592383809639,0.0593170814057772,0.00938786450239968,0.024530048527484,0.000344466294250573,0.0207999092345916,0.00340298185953618,0.0535189199257223,0.00639864506418792,0.0167727080167946,0.00519500832045454,0.0348220125952462,0.00532725771620808,0.00131945670341703,0.0084123881106454,0.00245999853718034,0.0583497186053724,0.0107092335328973,0.0019225389370624,0,0,0.00312930859675281,0.00146338537636267,0.065774700780804,0.000481594890224095,0.0166173912427991,0.00360471332330343,0.015939346807889,0.00380711695425276,0,392.350875709622
2018-09-04,10000,0.0506,1.3409,0.000937145319161752,0,0.00891374591209891,0.000700240885918051,0.194935041488339,0.000414171213591231,0.00947139311089926,0.19883569988885,0.163807496386633,0.0170420821082273,0.00526344839447998,0.0505701404223721,0.00461189448761886,0.0215686734385812,0,0.02737540264904,0.00368727531822207,0.0399920125842822,0.00265160407099881,0.00841970880237243,0.00555793456298188,0.0151816781152981,0.00555941628654555,0.00117095226466584,0.000682258189407071,0.00441155944790289,0.0797193138702464,0.0143830534731573,0.00281565506607983,0,0.000327508540071187,0.00320471495786279,0,0.065690287301541,0.000991989725534511,0.0141842171087081,0.00627258473860578,0.0179372503691461,0.00220379450731922,0,306.9320022113
2018-09-13,9600,0.0441,1.2783,0.00196059553291653,0,0.00945983973368314,0.000840246807128939,0.102345840235438,0.00282075516727853,0.00903905273070587,0.201164205847136,0.094751931218459,0.0172589746517021,0.0104755964859914,0.119111405428544,0,0.0358729217909902,0,0.0374012798722673,0.00611289896277774,0.0315680746918819,0.0136676475204287,0.0300594548953126,0.00113487154080469,0.0606724376004604,0.00637062649314946,0.00140109481868545,0.0153688343928064,0.00250539706102702,0.0814047985648267,0.00466097260821683,0.00315061006023472,0,0,0.00254055624386415,0.00164118959550435,0.0767010044048152,0.00129821472165522,0.00447246978797134,0.00486045501121947,0.00379450084351935,0.00323131308023913,0,189.554815973443
2018-09-18,10000,0.043,1.266,0.00133329145440136,0.000443543968236303,0.00780869952675562,0.000447919074262,0.0987021540798508,0.00204173945318174,0.00756589468194706,0.202356971489164,0.0840071475213317,0.0142250105605802,0.00883400292103198,0.062652712797745,0,0.0317467017345341,0,0.0607092559265158,0.000583426833197405,0.0319098142621652,0.0108350462489197,0.0360461263151475,0.00161413778172857,0.0737709331996323,0.00371464318855545,0.00170157156664467,0.00167927630132238,0.00307588238815716,0.116983241564593,0.00455499048138026,0.000308231807024936,0.000568339432212683,0,0.00405953505720418,0.00297109202107332,0.0982645250737609,0.00102117083412068,0.00363717628139307,0.00925396209292879,0.00495399946541453,0.00473025301949036,0,259.412886232352
2018-09-25,9900,0.044,1.3665,0.00117603114305781,0,0.0129586213759093,0.001850667324392,0.179314189382211,0.00165764970420853,0.0106424684958252,0.224633748986746,0.11656956403428,0.028649523025835,0.0092217060770967,0.0847706899572997,0,0.0248738696287301,0,0.0377465720504172,0.00454830830515104,0.0388628023442527,0.00576375710335662,0.0124979490166132,0.0036521495660045,0.0183405900743915,0.00769281445005258,0.00145354279991399,0.00119689158548441,0.0027224018141025,0.0643472170923075,0.0204070139104313,0.00472366301073697,0,0,0.00189220125891183,0.000538414339473503,0.0408154059774034,0.0012777987528139,0.0192403248298076,0.00332050946363988,0.0101704103056348,0.00150070721349641,0,165.561308293185
2018-10-04,9900,0.0475,1.2963,0.00129072567683015,0,0.0128725423516659,0.000744633958010612,0.179492473672539,0.00051504556651507,0.0104046012646635,0.231541503659549,0.123145409140258,0.0246489184119086,0.00731978712132603,0.0811445352092191,0,0.027992769620235,0.000236678388343867,0.0277523718612698,0.000296524014253452,0.0419130503201164,0.00280602809736939,0.0087006152637231,0.00379533567532369,0.0103642202814925,0.00796997187910549,0.00211184522712133,0.00150534602884024,0.00259203800818684,0.0577540655783658,0.0162859193229695,0.00468137961298475,0,0.000534187806432978,0.002953503653697,0.000768871141650507,0.0698940064595149,0.00104510956075821,0.015217595123169,0.0032892646600468,0.0143646720335084,0,0,237.684819085167
2018-10-09,9810,0.044,1.2869,0.00166090226569705,0,0.0093285561606886,0.000798478164643686,0.11143981502725,0.00356053894688031,0.00932251147681366,0.2197077645352,0.0950144300191774,0.0164393536432124,0.0104715557970558,0.12013701069285,0,0.0307261621540982,0,0.0437241365059341,0.00740360948763712,0.0314245988877979,0.0113671635371873,0.0286666835499749,0.0016113927583146,0.0510137773410695,0.00712188202267314,0,0.00222509274186421,0.00267890776369863,0.0867923794034416,0.00573066214025028,0,0,0,0.00254848011601857,0.00175549276629379,0.0680397228751725,0.00121052741630969,0.00531511353277944,0.00431338855155533,0.00429399723489954,0.00415591248355944,0,156.617623920404
2018-10-16,9925,0.0478,1.3087,0.00156985509488909,0,0.0143070432828748,0.000845306438451046,0.190299131946302,0.000794408175824285,0.0105486551723653,0.225548867425493,0.137375531417441,0.0330459538091103,0.00850386037271913,0.0677932523447778,0,0.0379036203032538,0,0.0403629337387131,0.00027827841669719,0.0423128351537443,0.0045495775665836,0.0121155036481166,0.00245523443459519,0.0149051894790217,0.00782421678575192,0.00199780271508766,0,0.00236696914870608,0.0483214206677423,0.021152857030989,0.00215827415775704,0,0,0.00150612796004182,0,0.0304212830778546,0.00149030640689231,0.0195815490289066,0.00302149068002896,0.0123423664884185,0.00121344735646841,0,157.901131722132
2018-10-24,9800,0.053,1.4829,0.00160216780605451,0.000443250348719236,0.0125927837146612,0.00128634137064902,0.12898883222119,0.00190316683299327,0.0123530044106621,0.220824872192228,0.102576353071063,0.0220167207508231,0.00917619399948833,0.111877387840109,0.00830270462572815,0.034032660944119,0.000954898982861994,0.0400510735484254,0.00811441611814925,0.033463219818292,0.00449800690011685,0.0185290077871787,0.00112250588697743,0.0240135085356713,0.00685035315214147,0.00183671000277645,0.00148233450808351,0.00355843151953259,0.0822862378792358,0.00628479015092976,0.000759782552858585,0,0.000905434778860101,0.00378015045198651,0.00287426501188398,0.0630231306288232,0.00158086118504562,0.00636000365889051,0.00514230891797092,0.0106521324427487,0.00296401338997153,0,150.862862537125
2018-10-30,10000,0.0461,1.3216,0.00224092273148808,0,0.0101953267251407,0,0.100865549075766,0.00344655180089768,0.0132220637118258,0.230086408702983,0.0887898751042712,0.0152743596321921,0.0148104215840586,0.133573989094439,0,0.0263831595648887,0,0.0651418044409113,0.0115071927846354,0.0367851251224059,0.00684020393085893,0.0200114269250392,0,0.0338436245373421,0.00951198364887508,0,0,0.00314270618252287,0.0754945124327295,0.00652916498091922,0.00242981935237817,0,0,0.00267297827610068,0,0.0658934497448342,0.00274348645285071,0.00630565596093185,0.00524551581129082,0.00395189209602461,0.00306082959139866,0,93.1211714226186
2018-11-07,9920,0.0447,1.2891,0.00139941239261539,0,0.00885087921982168,0.000357875169996538,0.07406173273528,0.00175080274995121,0.0082640926780633,0.219135766274323,0.0691205289118458,0.0117590124156675,0.0135352164407431,0.087002404566657,0,0.0287804841323292,0,0.0837667800320333,0.000720131033847629,0.0411268956321375,0.00693048448032004,0.0215596934168706,0.00150289994920366,0.040194690612802,0.00597542593485694,0.00132398529343337,0.00152406111059744,0.00388944646585246,0.116554924764744,0.00597564823312093,0.00336975043058435,0,0.000780469154447135,0.00349403075332486,0.00286493787238932,0.104447612838603,0.00201510595780781,0.00504139739028386,0.0129865233190735,0.00511184980994298,0.00402323020138368,0,120.828696691966
2018-11-16,5030,0.0211,0.6117,0,0,0.0102281102945841,0,0.0863682007072859,0,0.0114486473591511,0.288251697143208,0.0650989224281224,0.0197999109272467,0.0202227165396896,0.142914025937244,0,0.027971739573053,0,0.0683232915017615,0.0125945406728485,0.0239941340894699,0.0147090222516137,0.0223409031388716,0,0.0558726030557962,0.0290009036024632,0,0,0,0.0491117370046569,0,0,0,0,0,0,0.0517488937729346,0,0,0,0,0,0,42.3261347764726
2018-11-19,10000,0.0468,1.2693,0.00114514014841867,0,0.00601204050819596,0,0.0616126817227152,0.00140231285622504,0.00706576179449611,0.219008788368244,0.0560884545666482,0.0118109061223101,0.0103325827474498,0.088100225095787,0,0.0247743408834816,0.000440014530554071,0.0939553758694096,0.00695038513568357,0.0317128034325123,0.0117130097902262,0.0332987134489469,0.00119985237859211,0.0781664246022582,0.00530121801780376,0,0.00159362014383409,0.00299789676191764,0.100561629716591,0.00360556431750967,0.00168394589507322,0,0,0.00351407852198542,0.00239015072979822,0.102534728427326,0.000942370675062997,0.00293703880821045,0.0124382297736776,0.00391208762030661,0.0100459538748938,0,163.676308816799
2018-11-28,10000,0.0512,1.5011,0,0,0.0107390999228057,0,0.0631838170010557,0,0.0131237047779248,0.243944412618854,0.0461353381327487,0.0127299950858302,0.0181128690082093,0.23847412497673,0,0.020894707374075,0,0.059278121801421,0.0170328837062904,0.0287386810806729,0,0.0143642031366312,0,0.027171474882176,0.0288918939761797,0,0,0,0.0425088630999569,0.0206326476615339,0.011246182048755,0,0,0,0.0297190233566884,0.0449483779850142,0,0.0081295783664466,0,0,0,0,61.9623881683738
