file,RUNINFO,IVOL,METHODNAME,1_C04:0_AREA,1_C06:0_AREA,1_C08:0_AREA,1_C10:0_AREA,1_C11:0_AREA,1_C12:0_AREA,1_C12:1_AREA,1_C13:0_AREA,1_C14:0_AREA,1_C14:1_AREA,1_C15:0_AREA,1_C15:1_AREA,1_C16:0_AREA,1_C16:1n-7_AREA,1_C16:1n-7t_AREA,1_C16:1n-9_AREA,1_C17:0_AREA,1_C17:1_AREA,1_C18:0_AREA,1_C18:1n-12_AREA,1_C18:1n-7_AREA,1_C18:1n-7t_AREA,1_C18:1n-9c_AREA,1_C18:1n-9t_AREA,1_C18:2n-6TT_AREA,1_C18:2n-6c_AREA,1_C18:2n-6t_AREA,1_C18:3n-3_AREA,1_C18:3n-6_AREA,1_C18:4n-3 SDA_AREA,1_C18:5n-3?_AREA,1_C19:0_AREA,1_C20:0_AREA,1_C20:1n-12_AREA,1_C20:1n-15_AREA,1_C20:1n-9_AREA,1_C20:2n-6_AREA,1_C20:3n-3_AREA,1_C20:3n-6_AREA,1_C20:4n-6_AREA,1_C20:5n-3_AREA,1_C21:0_AREA,1_C22:0_AREA,1_C22:1n-9_AREA,1_C22:2n-6_AREA,1_C22:3_AREA,1_C22:4n-6_AREA,1_C22:5n-3_AREA,1_C22:5n-6?_AREA,1_C22:6n-3_AREA,1_C23:0_AREA,1_C24:0_AREA,1_C24:1n-9_AREA,1_Diatom II_AREA,1_Diatom III_AREA,1_UNK I_AREA,1_UNK II_AREA,1_ant-15:0_AREA,1_iso-15:0_AREA,1_Total FA_G_AREA
C:\CompassCDS\Data\2019\12\03_reprocessed\2019-12-03 13_22_47_Hex.DATA,N.A.,0.5,2019-11-25 AKM,0,0,0.670775176,0,0,0,0,0,0,0,0,0,1.992947894,0,0,0,0,0,0,0,0,0,0,0,0,0,0,0,0,0,2.48230498,0,0,0,0,0,0,46.52307139,0,0,0,0,0,0,0,0,0,0,4.672924413,0,0,0,0,0,0,0,0,0,0,209.2390583
C:\CompassCDS\Data\2019\12\03_reprocessed\2019-12-03 13_49_30_Hex.DATA,N.A.,0.5,2019-11-25 AKM,0,0,0,0,0,0,0,0,0,0,0,0,0,0,0,0,0,0,0,0,0,0,0,0,0,0,0,0,0,0,0,0,0,0,0,0,0,0,0,0,0,0,0,0,0,0,0,0,0,0,0,0,0,0,0,0,0,0,0,6.367438614
C:\CompassCDS\Data\2019\12\03_reprocessed\2019-12-03 14_15_32_GLC37.DATA,N.A.,0.5,2019-11-25 AKM,285.3210762,434.1459767,490.6636531,497.9804791,501.7012643,503.5885549,0,507.6778451,517.0601635,466.8417915,517.4306705,468.8789184,1035.642021,472.4913998,0,0,512.5157992,476.8762216,508.9189892,0,0,0,475.6394969,505.9576902,5.256278989,463.976012,456.0046679,466.3416874,460.5810653,0,0,4.439394146,500.4787887,0,0,477.3282716,461.9955802,465.8265123,461.6449096,464.1354414,455.0725914,485.3815161,479.1997825,489.4655964,464.0693042,0,0,0,0,444.9570256,465.8124021,446.4242955,498.9458473,0,0,0,0,0,3.424286298,17832.26025
C:\CompassCDS\Data\2019\12\03_reprocessed\2019-12-03 14_41_34_GLC463.DATA,N.A.,0.5,2019-11-25 AKM,151.0285946,207.4146861,460.7628653,471.1408527,238.9026254,997.8979771,719.3419042,0,1310.504035,454.7637017,271.1074188,230.2572308,1071.096124,909.5127362,232.3956698,0,537.7284447,457.1103856,1068.296725,229.212679,231.7479514,254.038512,929.9292953,253.0763145,233.7782039,887.0764563,444.4168006,906.3046163,230.0044928,0,0,275.9568947,1103.903136,538.2128751,449.421925,528.5877891,449.502496,458.6612166,225.5164105,224.5253994,442.289614,3.835900041,560.8038934,1046.78458,233.1208179,462.9271556,222.3482743,436.5147486,0,434.1463878,0,553.3995045,270.673608,0,0,0,0,0,3.582720617,23856.33744
C:\CompassCDS\Data\2019\12\03_reprocessed\2019-12-03 15_07_37_GLC455.DATA,N.A.,0.5,2019-11-25 AKM,0,0,0,3.240387453,0,1.857043716,0,2.456726544,1247.480001,0,2.336076087,4.752534831,1246.757042,1193.25793,0,0,1208.871086,0,1198.500039,0,0,0,1213.401554,0,0,1198.741806,1.690391681,1191.176449,1191.21176,0,6.099422743,10.18630608,3.662726367,0,0,6.524704811,1178.642729,4.758798149,1193.512755,1188.367675,1172.655237,0,0,0,0,0,1196.941215,1168.329357,18.50183183,1155.286766,0,0,0,0,4.079887939,0,0,0,0,19978.29957
C:\CompassCDS\Data\2019\12\03_reprocessed\2019-12-03 15_33_45_SDA.DATA,N.A.,0.5,2019-11-25 AKM,0,0,0,0,0,0,0,0,2.791157878,0,0,0,8.82297615,3.743574688,0,0,8.836990197,0,8.004235485,0,0,0,3.888587986,0,0,0,0,0,0,599.2524569,0,0,0,0,0,0,0,2.237341182,0,0,0,0,0,0,0,0,0,0,0,0,0,0,0,0,0,0,0,0,0,668.7123284
C:\CompassCDS\Data\2019\12\03_reprocessed\2019-12-03 15_59_50_J319-P33.DATA,N.A.,3,2019-11-25 AKM,6.764908798,0,3.407404356,0,0,3.055653636,5.212832836,0,17.97802996,0,3.734158031,0,69.41081066,13.12713493,0,3.622133703,5.153751659,0,67.85432041,0,5.945283033,0,16.86672158,4.846457655,0,8.177170896,0,4.087123675,0,7.73124532,0,2296.032851,8.220765382,0,0,0,0,0,0,0,12.09527456,14.46887838,5.870717779,3.19993643,0,0,0,0,8.456112936,12.7894028,0,2.313152487,0,0,0,0,0,2.696438711,2.374467846,2664.508155
C:\CompassCDS\Data\2019\12\03_reprocessed\2019-12-03 16_25_55_J319-P42.DATA,N.A.,3,2019-11-25 AKM,7.863022032,0,3.471313212,0,0,2.795604471,6.278301991,0,16.84178409,0,1.936235986,0,61.81639576,9.083034938,0,3.049013225,4.880482707,0,68.22657256,0,4.113961918,0,7.9607161,5.233351916,0,8.383973089,0,3.618847983,0,7.71972658,0,2645.530103,9.096934016,0,0,0,0,0,0,0,4.159610631,12.95591857,2.370680855,0,0,0,0,0,0,4.966575742,0,0,0,0,0,0,0,0,0,2919.291327
C:\CompassCDS\Data\2019\12\03_reprocessed\2019-12-03 16_52_29_J319-P44.DATA,N.A.,3,2019-11-25 AKM,7.049597429,0,2.859896416,0,0,3.260665377,5.1932897,0,17.1131609,0,2.127603483,0,66.23807352,8.938083165,0,3.064052302,5.354022912,0,72.7496174,0,3.868832176,0,6.971996632,4.71433231,0,8.265880952,0,0,0,4.46812385,0,2647.887769,8.889914029,0,0,0,0,0,0,0,3.337316373,14.00350996,2.548952226,0,0,0,0,0,0,1.840524477,0,2.607385773,0,0,0,0,0,2.053274115,2.690865219,2924.142768
C:\CompassCDS\Data\2019\12\03_reprocessed\2019-12-03 17_18_19_J319-P45.DATA,N.A.,3,2019-11-25 AKM,8.551345345,0,3.226758025,0,0,2.776160142,5.934786986,0,19.61571339,0,2.194711489,0,73.88860459,11.09969212,0,4.431810852,5.512878837,0,59.13804567,0,4.034404499,0,8.317343539,4.59870795,0,6.923209859,2.073658319,4.099893008,0,9.466945055,0,2875.36467,8.026970499,0,0,0,0,0,0,0,7.89205927,15.21910962,2.241604516,0,0,0,0,0,0,5.164773993,0,0,0,0,0,0,0,0,2.591231269,3168.654025
C:\CompassCDS\Data\2019\12\03_reprocessed\2019-12-03 17_44_25_J319-P47.DATA,N.A.,3,2019-11-25 AKM,9.38942223,0,3.112163084,0,0,3.564892066,6.193751465,0,21.55977371,0,2.363012605,0,81.22129745,12.04614602,0,4.20406018,5.294221746,0,89.91553261,0,5.009866207,0,7.953788366,5.576052799,0,5.571790402,2.908442052,4.090711077,0,9.129130617,0,2780.728208,9.886184701,0,0,0,0,0,0,0,7.308556344,16.93096111,3.679253207,0,0,0,0,5.454578842,5.988852529,5.620656039,4.762753092,2.348724975,0,0,0,0,0,0,0,3152.984251
C:\CompassCDS\Data\2019\12\03_reprocessed\2019-12-03 18_10_31_J319-P48.DATA,N.A.,3,2019-11-25 AKM,4.187621078,0,4.241424083,0,0,4.547706583,8.429621275,0,16.30772625,0,2.885263591,0,52.55574039,10.98415816,0,3.396418308,2.575744698,0,57.32595643,0,4.669314934,0,4.997521253,6.929644878,0,5.91895982,5.386462419,5.478014084,0,14.88171736,0,1433.696803,6.587406217,0,0,0,0,0,0,0,9.759344065,11.02875274,3.96303353,0,0,0,0,5.566786946,9.362865769,6.857712941,5.724416577,0,0,0,0,0,0,0,0,1747.154981
C:\CompassCDS\Data\2019\12\03_reprocessed\2019-12-03 18_36_37_J319-P50.DATA,N.A.,3,2019-11-25 AKM,14.97645729,0,3.270934016,0,0,3.164688452,6.360317415,0,30.21233254,0,3.409526342,0,99.21125677,8.771695508,0,4.682878537,5.740976112,0,91.72134944,0,2.92460102,0,6.13146492,3.984577725,0,6.044919035,0,3.055334813,0,5.858354664,0,2745.978018,9.879237272,0,0,0,0,0,0,0,6.643415186,16.24858009,2.527907413,0,0,0,0,3.925663399,3.414144999,3.959594324,3.396963984,2.989081148,0,0,0,0,0,0,2.155682676,3143.203148
C:\CompassCDS\Data\2019\12\03_reprocessed\2019-12-03 19_02_45_J319-P53.DATA,N.A.,3,2019-11-25 AKM,6.08628039,0,2.82312211,0,0,2.350304651,6.493211467,0,19.84644064,0,2.630770334,0,66.23699637,14.95899983,0,4.549796727,4.646952699,0,32.84003498,0,6.427590994,0,15.69992356,2.894083723,0,5.513582013,3.379967796,5.133688144,0,12.83889546,0,2714.501908,6.664081307,0,0,0,0,0,0,0,11.28532452,14.70239704,0,0,0,0,0,0,0,11.89131347,0,0,0,0,0,0,0,0,2.951280473,2993.153835
C:\CompassCDS\Data\2019\12\03_reprocessed\2019-12-03 19_28_50_46-QF1360-pom.DATA,N.A.,3,2019-11-25 AKM,0,0,3.951759907,0,0,3.976859655,4.405827601,0,72.78104579,3.17497702,5.892734262,0,173.8530294,72.02971145,2.204097224,13.94053374,8.140447109,0,291.9156847,0,25.2588832,1.317266223,26.48418288,5.681979134,0,18.56541466,11.81647376,27.41715417,0,43.87382246,0,4832.090018,21.70246794,0,0,2.797035112,0,4.006799573,0,2.097188469,34.35114508,14.01648587,3.013095294,6.565246362,0,0,0,0,0,30.39755174,0,1.190452039,0,0,2.468705964,0,0,9.996600606,6.406576632,5901.201206
C:\CompassCDS\Data\2019\12\03_reprocessed\2019-12-03 19_54_56_47-QF3728-pom.DATA,N.A.,3,2019-11-25 AKM,0,0,5.029019868,1.978181273,0,6.405478704,1.655938647,0,53.85609197,0,9.531755252,0,177.30205,33.36600389,0,9.521491365,1.102562363,0,203.8899588,0,11.74923997,0,28.81632816,13.75405928,0,18.83542845,3.141483958,7.754622514,0,17.02628652,0,4956.726613,21.09782999,0,0,0,0,0,0,0,13.51538091,22.83003284,12.66222795,13.4645856,0,0,0,7.943625241,9.820710479,8.978112143,0,6.531545519,1.558198813,0,1.481004911,0,0,3.18193744,6.709276371,5831.509494
C:\CompassCDS\Data\2019\12\03_reprocessed\2019-12-03 20_21_02_48-QF3820-pom.DATA,N.A.,3,2019-11-25 AKM,5.037742928,0,6.74818541,1.919152626,0,7.063968033,6.914692266,0,115.7373254,1.387837976,14.93909625,0,378.7314302,90.21707051,4.290134629,13.15764206,20.5155438,0,378.0524169,0,32.97036278,0,80.49871204,22.60712822,0,42.54902317,3.770246326,18.06709119,0,34.02395353,0,9899.065576,38.13232401,0,0,6.86947972,0,2.719847389,0,5.119299366,81.03638834,26.27184735,9.39460556,9.136860536,0,0,0,1.525820051,0,64.09704095,2.458162212,8.207818855,13.42764526,0,5.5722429,0,4.864121241,8.537414258,11.23261459,11661.77129
C:\CompassCDS\Data\2019\12\03_reprocessed\2019-12-03 20_47_08_49-QF3822-pom.DATA,N.A.,3,2019-11-25 AKM,0,0,4.512295656,1.255045678,0,5.963077165,4.319894012,0,67.75028256,2.0652533,10.5907263,0,204.2871842,53.95046636,3.27775107,12.51026021,2.694031233,0,222.7079257,0,21.33076345,0,38.98255904,7.537432316,0,32.67712248,12.49140866,20.24867076,0,45.36502515,0,5391.463588,20.97871497,0,0,0,0,0,0,2.670763561,40.13118682,16.10049905,1.91730989,4.800503688,0,0,0,0,0,35.51764872,0,5.138751457,2.714759016,0,2.268189027,0,2.299270437,7.235166881,6.515432346,6432.00158
C:\CompassCDS\Data\2019\12\03_reprocessed\2019-12-03 21_13_14_51-QF3883-pom.DATA,N.A.,3,2019-11-25 AKM,0,0,4.374510756,0,0,5.621965182,5.12416674,0,30.15689696,0,6.023130786,0,185.3277527,17.64186126,0,4.419675131,17.68966642,0,458.3035808,0,8.072553268,1.745071581,20.95324675,12.75121357,0,13.80096425,0,3.876504866,0,7.678989663,0,7113.480217,32.97153033,0,0,0,0,0,0,0,9.860794214,18.48768177,6.335882725,0,0,0,0,0,0,9.678812053,32.68513444,6.193794453,0,0,0,0,0,3.3374843,4.097189474,8122.590379
C:\CompassCDS\Data\2019\12\03_reprocessed\2019-12-03 21_39_19_53-QF3888-pom.DATA,N.A.,3,2019-11-25 AKM,0,0,3.938603618,0,0,4.413376394,2.561200832,0,31.35810119,0,5.312284788,0,116.8005581,15.47679573,0,4.651676192,9.163811114,0,128.0201188,0,6.315726047,0,19.02113702,7.019397925,0,8.092136433,0,2.516590313,0,4.995280315,0,4814.985154,15.20847299,0,0,1.700530451,0,0,0,0,2.917957876,12.33834002,4.125471174,6.462284081,0,0,0,0,0,2.3815363,0,3.949591845,0,0,0,0,0,2.218340251,3.140667285,5281.042006
C:\CompassCDS\Data\2019\12\03_reprocessed\2019-12-03 22_05_25_54-QF3995-pom.DATA,N.A.,3,2019-11-25 AKM,0,0,3.612016871,0,0,3.09671834,4.023561653,0,21.45283454,0,3.147053988,0,114.2946716,12.01913754,0,3.587552375,9.194688588,0,215.8125883,0,5.914589768,0,12.83638296,7.025714858,0,7.083575162,0,2.652244724,0,4.364917454,0,4908.081884,18.31559124,0,0,0,0,0,0,0,2.535716093,13.47014606,3.47736321,9.083407462,0,0,0,0,0,2.139308419,0,2.481433875,0,0,0,0,0,1.331155899,3.693801284,5441.353412
C:\CompassCDS\Data\2019\12\03_reprocessed\2019-12-04 05_28_59_GLC37.DATA,N.A.,0.5,2019-11-25 AKM,280.8411614,453.4229208,543.6490022,560.1249111,562.9267047,566.305749,572.851933,0,585.1956542,527.8764873,587.380923,529.9660901,1175.297245,536.9976224,0,0,580.3002467,537.0418434,577.0679141,0,0,0,536.9280698,570.623939,0,524.5726282,514.230474,526.7374224,521.3219288,0,0,5.714513566,572.6142518,0,0,539.6113279,522.3580754,522.9216844,523.8693179,523.7363037,0,557.4108785,552.0973583,553.6284254,524.5380749,2.401161,0,0,0,0,650.6866859,527.1612751,560.6874962,0,0,0,0,0,3.480920311,20284.40855
C:\CompassCDS\Data\2019\12\03_reprocessed\2019-12-04 05_55_04_Q19-001.DATA,N.A.,2,2019-11-25 AKM,14.9247524,0,3.393984132,0,0,3.984327775,7.352067135,0,274.4323243,0,26.13520793,0,448.1766406,562.7728041,2.309036437,15.98339147,29.27069617,0,19.21766602,339.4665663,24.8749261,0,0,0,0,39.60071288,2.27277291,1.449257515,9.728458052,233.7956607,0,1583.486117,1.935393738,0,0,0,0,0,0,3.130279444,485.5009339,4.901847958,0,0,0,0,0,0,0,83.51942259,0,0,1.601086278,41.33745807,117.2505838,0,3.223410918,15.44671035,0,4792.804601
C:\CompassCDS\Data\2019\12\03_reprocessed\2019-12-04 06_21_13_Q19-002.DATA,N.A.,2,2019-11-25 AKM,7.467850413,0,4.054534388,0,0,4.279936969,9.11004955,1.421517369,341.5038162,0,29.39655651,0,524.3372479,731.6849579,0,18.91891517,33.22614837,0,16.16805041,308.3034374,32.70639934,0,0,0,0,51.61671319,4.162133906,0,9.707693983,230.0135922,2.557430858,1730.519198,1.703445263,0,0,0,0,0,0,4.287396034,600.2779281,4.932529617,2.159252168,3.126682655,0,0,0,0,0,99.71867793,0,22.24741411,0,68.04201361,199.2320218,0,4.346378942,23.06523038,4.489588464,5461.923708
C:\CompassCDS\Data\2019\12\03_reprocessed\2019-12-04 06_47_23_Q19-007.DATA,N.A.,2,2019-11-25 AKM,6.535251146,0,4.002849944,0,0,2.993780245,0,0,56.16833013,1.787452323,3.837733769,0,105.4180081,56.20693553,0,10.07395459,2.185128009,0,129.4724202,0,12.65180478,0,24.68230641,0,0,43.68490741,7.310989206,15.32076485,0,28.84656623,0,1603.462985,6.760351277,0,0,0,0,0,0,0,38.42941505,5.280189866,0,6.993570677,0,0,0,0,0,26.44708283,0,0,6.521202683,0,3.12375328,0,0,5.604208211,3.794570609,2293.020216
C:\CompassCDS\Data\2019\12\03_reprocessed\2019-12-04 07_13_28_Q19-008.DATA,N.A.,2,2019-11-25 AKM,5.490013102,0,2.503234459,0,0,2.16573547,3.049596394,0,39.24646789,0,3.931089272,0,117.6325283,37.73676727,0,9.273068248,3.471272854,0,137.8377796,0,11.07450813,2.396522389,43.35617763,1.554687769,0,38.07318557,2.846630145,11.22051629,0,26.82635248,0,1628.094298,7.746219981,0,0,0,0,0,0,0,38.07632476,5.493534274,0,3.367813864,0,0,0,0,0,26.79410411,0,0,0,0,4.631202635,0,0,3.494322947,3.153242924,2307.379025
C:\CompassCDS\Data\2019\12\03_reprocessed\2019-12-04 07_39_38_Q19-009.DATA,N.A.,2,2019-11-25 AKM,7.192562208,0,5.073469931,0,0,7.635027903,5.668869629,0,137.787373,0,12.4978546,0,253.434247,122.345745,3.703345973,25.88976363,8.05065475,0,75.1507828,0,27.20723135,0,100.6843752,5.103696689,0,65.52616677,3.012770673,6.828090686,0,19.1983913,6.876215208,1098.851846,7.766376021,0,0,0,4.442431909,0,0,4.432068471,78.1516841,3.748481683,2.475419472,9.218448183,0,0,0,0,0,64.93066694,0,3.614063031,5.5728573,4.849868497,19.25612786,0,2.380562159,13.59917144,5.554477034,2440.383123
C:\CompassCDS\Data\2019\12\03_reprocessed\2019-12-04 08_05_48_Q19-015.DATA,N.A.,2,2019-11-25 AKM,1.553465744,0,5.22489107,0,0,4.313702316,2.51255016,0,68.86260836,2.437939572,6.057059257,0,198.407829,62.89368852,9.528212377,30.28344769,5.730629997,0,68.53772358,0,34.18008351,0,57.83492744,3.120121016,0,39.7578662,56.10000381,35.52333758,2.77109225,89.57998169,0,1563.186784,4.242819877,0,0,0,4.208594616,0,0,3.277098085,54.51214922,5.388532117,0,0,0,0,0,0,0,87.71641078,0,0,3.755084319,0,2.838521086,0,5.00793475,10.24698357,10.5517125,2720.272841
C:\CompassCDS\Data\2019\12\03_reprocessed\2019-12-04 08_31_58_Q19-017.DATA,N.A.,2,2019-11-25 AKM,11.41994545,0,4.92549586,1.344150173,0,6.231800631,3.971208104,0,89.72477361,1.353853464,5.901974301,0,159.8993131,66.95399417,4.812506752,16.24382309,10.41762506,0,45.99207418,0,18.69015358,0,46.64666413,3.341513939,0,66.59757897,8.316290463,27.15504383,0,74.64952204,0,1914.620457,4.487546013,2.264831324,0,0,0,0,0,0,94.06947618,11.50662124,8.283559299,4.750393556,0,0,0,2.132810516,10.71323836,82.68627438,10.79581602,0,1.778852933,0,11.15980341,0,4.136945884,7.286344869,6.637408137,3047.231364
C:\CompassCDS\Data\2019\12\03_reprocessed\2019-12-04 08_58_07_Q19-019.DATA,N.A.,2,2019-11-25 AKM,11.52434387,0,4.059172889,2.057958136,0,7.172303021,4.861198064,0,202.6240543,4.621332112,12.91325753,0,295.9801423,176.0061888,1.437039117,35.5801995,13.87590727,0,78.13859278,0,28.74242937,0,67.72750791,5.470611107,0,2.47122937,0,9.423442806,2.671717264,33.11217132,2.500330927,1387.520985,5.496930693,0,2.030725729,2.863507655,0,0,0,4.348702958,130.8174392,4.696945991,1.988089605,5.043927678,0,0,0,3.74151254,2.758309239,70.78305964,0,4.274888848,10.99723903,5.554124574,25.71171278,0,3.59820239,13.94964172,7.030213707,3039.145181
C:\CompassCDS\Data\2019\12\03_reprocessed\2019-12-04 09_24_12_Q19-020.DATA,N.A.,2,2019-11-25 AKM,8.087872227,0,4.127665718,0,0,5.183531363,5.052484693,0,155.9237092,0,12.94408414,0,195.7273293,215.0628242,0,49.51467415,14.85789871,0,65.10039275,96.21686802,20.84712495,0,0,4.510923653,0,111.4017584,2.053647044,6.458557981,5.008731318,51.59295916,3.90837783,1465.21019,4.835709168,0,0,2.005358954,0,0,0,6.009910732,109.8232159,6.207213798,3.267456345,2.606525346,0,0,0,0,5.402636014,71.33426103,3.530178581,5.597085603,11.04269248,11.92110358,38.71715672,0,4.025734243,10.38521139,4.573179952,3024.821933
C:\CompassCDS\Data\2019\12\03_reprocessed\2019-12-04 10_16_31_Q19-005.DATA,N.A.,2,2019-11-25 AKM,17.54447742,2.547608811,5.896796026,3.668272118,0,12.43031954,0,8.317189551,372.3155917,3.019678066,26.74947814,5.177657819,698.6160537,358.7945904,28.83195956,50.63754059,16.36308476,0,357.344753,0,102.6914836,0,93.66981578,13.11237086,4.538510805,95.82016067,8.239781875,2.88514112,8.322455303,78.55054038,0,3448.705101,28.76701762,0,0,7.43642196,5.141281107,10.45814253,0,16.2562351,250.3918077,17.99998036,10.57762445,22.05421464,0,0,0,13.34014557,2.311675707,272.9621202,0,11.93838866,11.49127152,11.2703323,29.16880797,0,9.271468652,24.90576098,27.7983306,7210.890276
C:\CompassCDS\Data\2019\12\03_reprocessed\2019-12-04 11_08_45_Q19-010.DATA,N.A.,2,2019-11-25 AKM,17.36950381,5.502745195,25.37644137,61.61798967,2.254900936,74.58801572,3.713899142,2.371306663,336.9759215,9.569525622,29.0073186,102.1784332,601.4670899,219.0994623,46.58485445,111.7161907,27.72916031,2.12197364,252.7456651,0,126.2897125,88.27442505,317.9333326,81.1608666,32.60823338,131.2714399,52.52043631,194.3187344,44.80118982,196.3423871,3.066167479,5074.760356,27.77206028,6.737396639,24.23041407,173.8134532,9.72168938,22.76595692,0,75.19172055,144.3709955,34.44669753,2.507537036,6.210276294,15.1224735,0,5.798680005,6.512901965,15.33572507,148.4326894,2.49267508,23.5777631,5.748136441,6.831254772,144.9675105,4.075058666,135.2581621,53.32176601,35.0087796,19966.30171
C:\CompassCDS\Data\2019\12\03_reprocessed\2019-12-04 11_34_54_Q19-011.DATA,N.A.,2,2019-11-25 AKM,19.98133321,7.194711068,3.75914472,73.99133504,1.152842398,78.44151867,2.744405023,1.984323403,381.8351873,12.83598939,34.6080173,332.0883818,626.2058181,258.1416504,68.58027795,88.21245781,68.24846469,13.42662812,445.0598194,57.18473273,132.4794604,107.5385879,326.4438994,91.23229906,11.22100321,86.6066176,46.08288627,28.59239274,45.92326698,119.627661,4.789766198,5481.345721,29.66672061,9.437041246,25.90039717,171.8994449,8.842965969,10.18451698,0,64.30674919,98.85458609,36.75633451,3.832094492,12.11388756,16.50389348,3.869283961,27.16280804,15.20594953,4.076804737,130.3272834,29.38714225,22.11074943,7.19152219,19.21918698,151.660941,2.542748852,24.92937408,27.97741993,37.38316902,22853.17246
C:\CompassCDS\Data\2019\12\03_reprocessed\2019-12-04 12_01_03_Q19-012.DATA,N.A.,2,2019-11-25 AKM,13.10461677,0,4.575951816,74.5846458,3.177779824,74.598442,1.67156558,2.170767933,325.2704398,1.277300328,23.81352521,364.8552607,354.3129213,199.7906645,160.2556039,91.88230511,35.95849119,14.71810013,248.0625638,50.22714682,93.96327872,122.422008,318.0851001,78.0689256,8.781393627,107.5165837,105.1482004,119.1857141,113.5554941,125.1298799,4.686650963,6350.358496,25.83646397,10.6966245,34.18219777,0,8.178080771,10.42096185,14.75892961,75.30358807,85.59802031,119.1814745,12.89731603,9.629609451,24.8687655,1.63899138,0,15.6332824,24.43761029,127.1102929,32.0357165,3.488802378,5.003723507,20.51488295,0,2.927333041,9.485165339,13.66350651,40.47881534,24725.67316
C:\CompassCDS\Data\2019\12\03_reprocessed\2019-12-04 12_27_12_Q19-013.DATA,N.A.,2,2019-11-25 AKM,0,0,0,0,0,0,0,0,0,0,0,0,0,0,0,0,0,0,0,0,0,0,0,0,0,0,0,0,0,0,0,0,0,0,0,0,0,0,0,0,0,0,0,0,0,0,0,0,27.61958947,1.996633638,0,1.230149032,0,0,0,0,0,0,0,2504.769354
C:\CompassCDS\Data\2019\12\03_reprocessed\2019-12-04 12_53_23_Q19-014.DATA,N.A.,2,2019-11-25 AKM,24.02511002,0,3.390084288,75.62185338,3.18444999,76.76201839,4.308741797,6.584914513,68.69354842,11.79582996,30.75563263,351.709848,407.8520301,155.8924482,139.5744177,79.87422246,27.55500627,2.06177498,291.3936962,30.94682929,60.78253816,77.55565549,250.8935237,50.92621804,2.182352198,102.0980092,75.95552858,101.0963049,104.5020744,111.5078179,3.763831877,5138.316877,33.94883413,7.104268317,67.4107379,0,5.451064137,8.473145207,12.90364258,2.769906896,115.1501979,106.2438458,0,3.593037832,33.14453096,2.328205869,2.225995703,52.00376953,1.811834279,131.5752354,29.2654497,29.52780786,1.883699763,4.905261009,140.692751,2.087797497,18.65482977,24.0124402,58.64412446,21520.44492
C:\CompassCDS\Data\2019\12\03_reprocessed\2019-12-04 13_19_31_Q19-016.DATA,N.A.,2,2019-11-25 AKM,30.40296624,0,80.37044271,105.3504131,1.505573712,195.6357478,10.50295459,7.829452715,330.2012321,18.92926174,21.88529105,472.7066007,74.15555714,154.6337799,165.3542757,123.9640111,120.3448451,38.22845366,292.8179132,164.0643673,162.7690977,95.79390694,461.3688604,68.51241526,18.64072519,165.8884274,33.41595898,84.300776,113.2646233,109.5808567,3.659990227,7022.474669,39.42719441,8.976365346,79.07367119,14.81425889,40.40418993,23.42631842,14.44595536,7.939562333,173.6903482,150.8447638,14.37751034,7.438204131,95.75175239,4.923959904,15.43252018,79.56589805,22.18448963,250.6031199,68.30434579,5.469710716,20.62153891,8.269124938,34.60052839,0,10.44267099,36.66006344,87.8574946,31141.94019
C:\CompassCDS\Data\2019\12\03_reprocessed\2019-12-04 13_45_41_Q19-018.DATA,N.A.,2,2019-11-25 AKM,12.11311409,50.46750731,55.98756573,68.21352245,4.913381764,92.92548506,10.47011089,4.634068466,214.0545375,7.855155443,11.50740439,304.3652804,437.0462474,115.4180454,103.9138001,67.51492853,70.4350427,6.624316131,211.7084986,91.64949919,74.42446303,45.20630313,288.1780415,37.71785401,4.602775647,85.87195595,5.21268754,61.03966687,0,82.9180013,7.526706648,6283.607024,24.12526874,6.653006822,75.87174746,10.54346082,41.75832146,0,13.95984258,7.497743227,117.8016584,100.4706853,22.43196243,5.970283122,67.05024565,5.211304684,7.688539362,31.03113052,5.068965971,2.722046974,40.63890454,20.7926357,10.49431595,10.98698136,6.132739428,0,8.38366134,15.62586307,53.28828868,22797.4535
C:\CompassCDS\Data\2019\12\03_reprocessed\2019-12-04 14_11_50_Q19-021.DATA,N.A.,2,2019-11-25 AKM,24.35017965,7.125614707,3.412981031,78.3259662,10.91622412,149.2383785,17.40702817,5.653398135,203.0607892,29.0553702,7.893617504,59.69004293,51.70409691,90.01151273,68.25128994,64.14933232,62.21379838,7.247300226,485.5629516,99.21542226,56.06318288,29.82081394,264.7533655,43.61783718,2.734427249,100.831214,10.63022984,175.4319808,0,116.7644183,9.897903137,7848.500721,30.32000871,5.243466401,80.31018735,11.77206631,34.41288365,16.43632708,0,4.874847308,95.78150908,91.31755699,22.11479834,10.00679668,78.97966723,2.163030575,17.47336683,38.28916763,23.89450924,55.93234958,50.54159009,21.98201167,4.113150546,6.90345677,7.624730046,3.906285599,13.37334888,15.04824835,47.94392426,23057.0152
C:\CompassCDS\Data\2019\12\03_reprocessed\2019-12-04 14_38_00_Q19-022.DATA,N.A.,2,2019-11-25 AKM,12.28356408,108.5735407,103.6471227,242.4355044,8.147821799,256.2035286,29.09313354,9.520573264,201.5820814,64.14851322,29.81143153,171.657329,509.8675416,140.6216205,156.5432846,156.6110377,67.38106324,11.18871305,484.2424114,118.6296876,158.3104773,96.26846411,595.2450659,199.9735443,52.16177614,101.5130518,139.6623026,161.9051764,0,130.1602844,5.040934755,150.2208658,24.94141674,5.48911612,172.7212868,15.79522707,17.07130728,29.89806859,9.063903366,32.47505882,147.1921004,86.3102431,26.10888695,14.66269242,175.9514887,68.13815251,39.50381204,59.20134247,58.80207933,71.75146041,175.0314232,65.9916483,17.79615546,74.43932038,57.77940528,7.130655901,76.69710453,82.71814554,90.9489064,42749.81908
C:\CompassCDS\Data\2019\12\03_reprocessed\2019-12-04 15_04_09_Q19-024.DATA,N.A.,2,2019-11-25 AKM,19.48605642,7.68824505,66.14105679,160.830041,3.53846855,173.7958123,18.73215167,5.737683408,142.6900963,33.33716758,10.85157,94.9213599,389.6526282,77.55950081,68.65020947,92.30215793,83.63055,10.03793281,302.1025441,0,14.459286,36.05934476,434.338267,53.8578248,16.13008245,62.52270649,6.986574256,147.2299328,0,85.7697342,3.994188113,6158.765301,12.7648697,57.89620438,139.5284523,12.29821408,20.0070416,5.989772957,4.004859453,1.179151805,52.29157402,86.42901409,6.129788657,8.324301963,95.30460689,20.51696008,8.966129935,27.15848513,6.005445947,72.42246506,82.25832651,0,0.934368271,2.914922638,3.7297577,6.999303496,51.50062352,48.6038241,48.51243606,26795.19722
C:\CompassCDS\Data\2019\12\03_reprocessed\2019-12-04 15_30_19_Q19-025.DATA,N.A.,2,2019-11-25 AKM,22.70208037,6.380581399,57.08606514,127.6594152,3.213174335,134.8981282,14.71811017,5.824947587,92.25135563,28.41053981,6.474166665,62.21775076,303.8998096,107.2601237,56.01452626,84.72209615,18.51396536,0,150.0913581,0,48.03754992,31.10912507,348.678644,47.76164721,19.43176438,69.25321216,63.72971061,94.89194202,0,106.2143998,3.41227975,6925.573325,8.308155541,36.83651043,92.67064443,10.83415538,5.163353832,5.407058698,3.719392614,12.17982218,123.938077,55.3989148,3.381208618,3.69660358,91.30459009,4.31176021,1.141834263,44.54834989,8.426336147,87.54657262,56.76462265,0,2.651069843,12.32358523,4.747209791,2.846756123,40.11050272,53.98938478,40.27857575,22775.62555
C:\CompassCDS\Data\2019\12\03_reprocessed\2019-12-04 15_56_28_Hex.DATA,N.A.,2,2019-11-25 AKM,2.850108662,0,0,0,0,0,0,0,0,0,0,0,0,0,0,0,0,0,0,0,0,0,0,0,0,0,0,0,0,0,0,0,0,0,0,0,0,0,0,0,0,0,0,0,0,2.28578385,0,0,0,0,0,0,9.660025735,0,0,0,0,0,0,3529.815639
C:\CompassCDS\Data\2019\12\03_reprocessed\2019-12-04 16_22_37_Hex-PlasticInsert.DATA,N.A.,2,2019-11-25 AKM,3.624991488,3.715428365,35.81556409,75.98431383,1.27938535,82.65337915,3.974876633,1.377177003,72.86895303,4.336163195,9.64489939,158.4881686,31.58239506,16.66465602,41.20603676,19.26670178,8.090654507,0,17.37957723,0,18.65971111,23.37154002,135.9594151,15.87828543,7.275801125,3.231447242,9.124638252,56.20041253,0,1.704759987,0,17.906191,6.281437766,20.28864087,44.88723029,2.053105418,2.337214177,6.158990293,2.630583964,4.553673021,0,19.81481584,0,0,30.49827907,8.958981715,6.567634258,22.77947301,11.01521838,0,25.89012747,0,0,2.164429066,0,1.297687595,15.87996718,18.21205496,21.88790299,8825.848011
C:\CompassCDS\Data\2019\12\03_reprocessed\2019-12-04 16_48_46_Hex II.DATA,N.A.,0.5,2019-11-25 AKM,2.765330773,0,0,0,0,0,0,0,0,0,0,0,0,0,0,0,0,0,0,0,0,0,0,0,0,0,0,0,0,0,0,0,0,0,0,0,0,0,0,0,0,0,0,0,0,0,0,0,32.86426539,0,0,0,0,0,0,0,0,0,0,2123.32414
C:\CompassCDS\Data\2019\12\03_reprocessed\2019-12-04 17_14_54_Hex Plastic insert II.DATA,N.A.,0.5,2019-11-25 AKM,1.635756336,12.24014241,10.58355982,15.70266552,0,18.87207736,0,0,16.53005694,3.337885763,2.547795291,33.65603558,4.463393724,3.840869314,5.5032689,0.825314881,0,0,1.790007688,0,0,2.797176007,25.32235298,1.581645047,1.507730313,5.838077391,0,7.023470438,0,0,0,0,0,0,9.521903107,0,0,3.018402099,0,0,0,1.97718413,0,0,8.740724371,2.997079795,0,22.42393168,2.426738853,0,5.712862817,0,0,0,0,0,3.910216283,3.483797391,4.865442836,2774.027371
C:\CompassCDS\Data\2019\12\03_reprocessed\2019-12-04 17_41_00_Hex III.DATA,N.A.,2,2019-11-25 AKM,0,0,0,0,0,0,0,0,0,0,0,0,0,0,0,0,0,0,0,0,0,0,0,0,0,0,0,0,0,0,0,0,0,0,0,0,0,0,0,0,0,0,0,0,0,0,1.661746321,322.6907615,14.8138107,0,0,0,0,0,0,0,0,0,0,2744.349228
C:\CompassCDS\Data\2019\12\03_reprocessed\2019-12-04 18_07_05_Hex glass insert.DATA,N.A.,2,2019-11-25 AKM,2.883421655,0,0,0,0,0,0,0,0,0,0,0,0,0,0,0,0,0,0,0,0,0,0,0,0,0,0,0,0,0,0,0,0,0,0,0,0,0,0,0,0,0,0,0,0,0,0,0,3.101021449,0,0,0,0,0,0,0,0,0,0,790.291412
C:\CompassCDS\Data\2019\12\03_reprocessed\2019-12-04 18_33_13_Hex IV.DATA,N.A.,2,2019-11-25 AKM,1.627144534,0,0,0,0,0,0,0,0,0,0,0,0,0,0,0,0,0,0,0,0,0,0,0,0,0,0,0,0,0,0,0,0,0,0,0,0,0,0,0,0,0,0,0,0,0,5.407699159,0,5.878468243,0,0,0,0,0,0,0,0,0,0,1340.13489
C:\CompassCDS\Data\2019\12\03_reprocessed\2019-12-04 18_59_21_F_J28_50_0.5.DATA,N.A.,0.5,2019-11-25 AKM,3.34969507,0,2.440808466,0,0,0,0,0,19.58294479,0,6.060653223,0,94.58288514,35.99590726,17.24801093,2.649375465,4.886311026,10.50696084,68.3074776,0,26.77629596,0,57.46612939,0,0,19.55574822,0,46.51516889,0,15.45190389,0,461.9704461,3.776502532,3.064129116,0,8.006929759,6.636265282,22.60059346,0,47.59795723,123.171672,2.378764015,0,0,0,3.306982753,3.639465121,14.88731427,2.124831768,54.17459096,0,0,0,2.483037866,0,0,6.891667948,0,4.398823614,1298.331697
C:\CompassCDS\Data\2019\12\03_reprocessed\2019-12-04 19_25_27_F_J28_100_0.5.DATA,N.A.,0.5,2019-11-25 AKM,7.942296765,0,0,0,0,0,0,0,34.03096174,0,10.84605674,0,158.6852645,62.58205533,35.78314853,3.864946402,7.181437218,19.47105628,118.494568,0,47.26319912,0,98.55798506,1.31417991,0,32.83789744,0,81.78400206,2.119675073,26.37168783,0,433.8896315,5.959066064,6.85875419,0,16.04505647,11.30716582,40.2265916,2.243028791,87.0810339,222.5164822,2.85399596,2.546232446,3.554773268,0,6.736763197,7.472998367,22.75805963,7.394000648,96.31629294,0,0,0,4.553828106,2.733811797,0,11.72891333,2.09330022,7.361126593,1958.816757
C:\CompassCDS\Data\2019\12\03_reprocessed\2019-12-04 19_51_31_F_J28_200_0.5.DATA,N.A.,0.5,2019-11-25 AKM,8.258815914,0,1.547202466,0,0,0,0,0,55.02697714,0,17.13332893,0,269.4235065,106.7818515,53.84411476,6.948870041,11.91567533,30.86269815,201.6269268,0,80.67918515,0,174.4248108,4.221693881,0,56.28274049,2.394117351,155.411365,3.486444298,47.43480209,0,401.5363529,9.209859317,10.31185957,0,27.88641475,20.37537517,73.87857067,4.360036687,144.738755,358.4142205,3.685333674,5.412055101,6.706657206,2.244334942,15.77371718,9.159156096,36.34695453,6.898940135,154.4637403,0,0,0,7.294682391,3.654052713,0,20.62405236,5.984201776,13.25599333,2892.76905
C:\CompassCDS\Data\2019\12\03_reprocessed\2019-12-04 20_17_34_H_J28_50_0.5.DATA,N.A.,0.5,2019-11-25 AKM,2.140733779,0,0,0,0,0,0,0,0,0,0,0,0,0,0,0,0,0,0,0,0,0,0,0,0,0,0,0,0,0,0,0,0,0,0,0,0,0,0,0,0,0,0,0,0,0,1.888656838,0,5.713440871,0,0,0,0,0,0,0,0,0,0,265.1302281
C:\CompassCDS\Data\2019\12\03_reprocessed\2019-12-04 20_43_38_H_J28_100_0.5.DATA,N.A.,0.5,2019-11-25 AKM,0,0,0,0,0,0,0,0,0,0,0,0,0,0,0,0,0,0,0,0,0,0,0,0,0,0,0,0,0,0,0,0,0,0,0,0,0,0,0,0,0,0,0,0,0,0,0,0,0,0,0,0,0,0,0,0,0,0,0,3.09805844
C:\CompassCDS\Data\2019\12\03_reprocessed\2019-12-04 21_09_41_H_J28_200_0.5.DATA,N.A.,0.5,2019-11-25 AKM,8.047496494,2.686959471,18.45838292,19.06631254,1.894371,41.58038075,5.443505809,1.639754383,276.4985298,7.708711922,64.69895857,82.75070433,1218.995555,423.3767695,223.0461498,31.17865188,95.36546459,131.1965789,1063.797196,0,331.7832924,29.20579702,827.8912921,50.87624196,12.16183382,241.7757945,16.87323039,13.54442581,13.62278436,177.0123549,0,3292.334715,42.41677311,4.982287127,26.50163819,95.58883819,81.37712118,292.1719569,21.02948438,606.8126771,1445.988166,38.60588303,18.46586032,26.99766565,32.82089887,61.12092735,38.47318578,160.1896989,24.60031736,603.1569551,19.47106002,9.458226543,7.549666873,38.58584376,12.62157004,8.62122835,96.42578715,30.45243914,58.11752123,17277.42514
C:\CompassCDS\Data\2019\12\03_reprocessed\2019-12-04 21_35_44_GLC37.DATA,N.A.,0.5,2019-11-25 AKM,280.0124559,487.1610349,603.9860276,626.4524966,627.2343418,637.0087751,0,655.1008381,669.0447735,602.9753868,669.5227804,605.1462555,1341.80285,612.3308986,0,0,662.5504337,610.438707,658.2344707,0,0,0,611.5747276,649.9294424,6.492956761,596.1413448,584.5936172,600.8355144,594.2668684,0,0,5.461472191,652.3363162,0,0,622.945949,594.8246249,599.0774099,596.7788106,601.9265698,499.5531636,636.0147539,632.0103591,635.2524495,601.3966461,0,6.159010518,0,0,571.6442556,639.3704622,681.8193042,649.3826927,0,0,1.190452906,0,0,4.03825445,23545.96216
C:\CompassCDS\Data\2019\12\03_reprocessed\2019-12-04 22_01_49_GLC455.DATA,N.A.,0.5,2019-11-25 AKM,7.107550261,14.48232436,12.02651364,26.02559911,0,27.34067814,1.205085784,3.911969229,1634.891115,6.474485817,3.844026518,53.51025279,1619.009423,1568.134998,2.354857852,3.633484693,1570.547626,1.731860888,1564.642979,0,5.083251745,8.083035723,1643.891236,7.025223325,3.678900725,1588.55773,2.188007958,1594.510722,1554.25153,7.221089357,8.087276217,20.71400999,3.942277982,0,15.56572339,5.162466588,1564.198909,0,1578.766006,1564.782681,1542.011298,9.832964828,0,0,14.63375106,0,1570.497166,1548.350889,2.386906384,1523.039497,12.06242725,0,0,0,0,0,2.263296944,6.095437468,19.5187565,27678.05166